Name,Category
WhatsApp Desktop,Browsing
Telegram Desktop,Browsing
Amazon Prime Video for Windows,Other
Instagram,Browsing
Spotify Music,Other
Netflix,Other
VLC UWP,Other
Your Phone,Productivity
iTunes,Other
Python 3.9,Productivity
Lively Wallpaper,Other
Adobe Lightroom,Other
Facebook,Browsing
Dolby Access,Other
Alexa,Productivity
Amazon Music,Other
iCloud,Productivity
Xbox,Other
"WPS Office Suite - PDF, Word, Spreadsheet, Slide View & Edit",Productivity
"Adobe Photoshop Express: Image Editor, Adjustments, Filters, Effects, Borders",Other
SHARE.it,Other
Screen recorder + - Screen record screen recording screen recorder,Other
Flipkart,Browsing
Picsart Photo Studio: Collage Maker and Picture Editor,Other
Pinterest,Browsing
Power BI Desktop,Other
Raw Image Extension,Other
Night Skies PREMIUM,Other
Hotspot Shield Free VPN,Productivity
Microsoft Whiteboard,Productivity
Dell Mobile Connect,Productivity
"Microsoft To Do: Lists, Tasks & Reminders",Productivity
TranslucentTB,Other
Zoom Rooms,Other
DTS Sound Unbound,Other
Office,Productivity
Gaana,Other
"Drawboard PDF - Read, edit, annotate PDF",Productivity
Ubuntu,Other
Net Speed Meter,Other
YouPlay - YouTube Player,Other
Movie Maker - Video Editor,Other
"Reader For Adobe Acrobat PDF Editor : PDF Reader & Free PDF Editor , PDF Annotator, PDF Converter, PDF Signature, Form Filler, PDF Merger, and Note-taker for Adobe Acrobat PDFs",Other
Free Screen Recorder,Productivity
Luminar AI,Other
Ubuntu 20.04 LTS,Other
Speedtest by Ookla,Other
Screen Recorder Pro For Win10,Other
"FilmForth: video editor, movie maker, slideshow & video maker",Other
NVIDIA Control Panel,Other
Arduino IDE,Productivity
"PDF Reader - Free PDF Editor, PDF Converter, PDF Merge, PDF Annotator & PDF Signature",Other
JioSaavn Music & Radio,Other
OneNote for Windows 10,Productivity
7-Zip File Manager (Unofficial),Other
All Video Player HD,Other
Messenger,Browsing
WinZip Microsoft Store Edition,Productivity
Windows Terminal,Other
VPN Pro - Best Free VPN & Unlimited Wifi Proxy,Productivity
Reddit,Browsing
Pride 2020 Flags,Other
EasyMail for Gmail,Productivity
Earth from Above PREMIUM,Other
RAR Opener,Other
Notepad++ (Unofficial),Other
AV1 Video Extension,Other
TeamViewer: Remote Control,Productivity
"PDF Reader - View, Edit, Annotate by Xodo",Productivity
Typing Practice - Lite,Other
"PDF Reader - Free PDF Editor, PDF Annotator, PDF Converter, PDF Sign, Form Filler, PDF Merger, and Note-taker, Best Alternative to Adobe Acrobat PDFs",Productivity
Free Unlimited VPN Proxy - The Internet Freedom VPN,Other
Animotica - Movie Maker,Other
App Installer,Other
ModernFlyouts (Preview),Other
Beauty of China PREMIUM,Other
Scratch 3,Productivity
Paint 3D,Other
OMEN Gaming Hub,Other
Blender,Other
"RecForth - Free Screen Recorder, Screen Record, Screen Recording, Capture, Take Screenshot, WebCam, Gif Maker & Video Recorder",Other
Slack,Business
McAfee Personal Security,Other
Files - File Manager for Windows,Other
Xbox Series X,Other
MyASUS,Productivity
Japanese Islands PREMIUM,Other
Widget Launcher,Productivity
Kali Linux,Other
Rain in the City,Other
"Total PC Cleaner - Free Disk Space Clean Up, Optimize Memory & Windows System",Productivity
Crunchyroll,Other
Xbox Game Bar,Other
Windows Notepad,Productivity
Ubuntu 18.04 LTS,Other
Clouds PREMIUM,Other
Web VPN,Productivity
Python 3.10,Productivity
Zen: Coloring book for adults,Other
Wallpaper - HD Wallpapers Desktop Wallpapers,Other
Cinebench,Productivity
DVD Player - FREE,Other
Avast Antivirus Download Center,Other
McLaren Senna Track Day,Other
Intel® Graphics Command Center,Business
Evernote,Productivity
CorelDRAW Microsoft Store Edition,Other
Duolingo - Learn Languages for Free,Other
Snip & Sketch,Other
Desktop digital clock,Other
YouTV - YouTube Player,Other
"HEIC Image Viewer, Converter",Other
Samsung Flow,Other
"Trio Office - Word, Slide, Spreadsheet, PDF & RTF Compatible",Productivity
EarTrumpet,Other
Vector Art PREMIUM,Other
hide.me VPN,Other
"1 File Viewer: jpg, zip, mp4, Word, photo, video, PDF free opener",Other
Wildlife of India,Other
Microsoft Wireless Display Adapter,Other
Microsoft Sticky Notes,Other
"AutoCAD mobile - DWG Viewer, Editor & CAD Drawing Tools",Productivity
GoTube - Video Downloader for YouTube 4K. MP4 & MP3 Music Converter,Other
Battery Percentage Icon,Other
PhotoScape X,Other
Wikipedia,Other
River Roll On PREMIUM,Other
RoundedTB,Other
Feem v4 - Share Files Offline,Other
freda,Other
VidMate Converter,Other
Street Views PREMIUM,Other
Microsoft Remote Desktop,Productivity
TubeMate - YouTube Video Downloader. Free YouTube MP3 & MP4 Music Converter,Other
Photo Editor | Polarr,Other
CamScanner PC,Productivity
Bluetooth Audio Receiver,Other
"PDF Reader Pro - Free PDF Viewer, PDF Annotator, PDF Editor, PDF Converter, PDF to Word, Merge PDF, Compress PDF, PDF Creator, PDF Splitter, Adobe Fill & Sign",Other
Ink Draft,Other
Epson Print and Scan,Other
HP Cloud Recovery Tool,Other
Python 3.7,Productivity
Unigram - Telegram for Windows 10,Browsing
Zip-Unzip,Other
NCERT,Productivity
YouTuBrowser,Other
Mountain Light PREMIUM,Other
"Focus To-Do: Pomodoro Timer & To Do List 「Pomodoro Technique, Task Organizer, Time Tracker, Schedule Planner, Reminder」",Productivity
World National Parks,Other
Live Wallpaper by Giantapp,Other
Miracast for PC,Business
Company Portal,Business
Cortana,Productivity
Complete Anatomy 2022,Other
Wooden Walkways PREMIUM,Other
"Wallpaper Studio 10: Free Wallpapers,Backgrounds,Lockscreen & Stock Videos Download",Other
VidTuber - YT Downloader Video & Music for You - Free Tube Video Converter to MP3 & MP4,Other
Ford Mustang RTR Formula Drift,Other
Audiobooks from Audible,Other
CnX Media Player - 4K UHD & HDR Video Player,Other
Mail,Productivity
TUF Aura Core,Other
Movie Maker : Free Video Editor,Other
World Oceans Day PREMIUM,Other
moneycontrol.com,Other
Kodi,Other
Photo Image Viewer,Other
imo desktop free video calls and chat,Browsing
Easy Typing Practice in 3 Days,Other
Camera Alternative,Other
3D Builder,Other
Xbox Accessories,Other
HEIF Image Extensions,Other
Concepts,Other
EasyCast - Mirror Display,Other
Pride 2020 Conversations,Other
LiquidText - Reading & Note-Taking Better than Paper!,Productivity
HP PC Hardware Diagnostics Windows,Productivity
Sketchable,Other
Moodle Desktop,Other
Color Explosion,Other
Samsung Gallery,Other
PDF Reader & Viewer,Other
Video Player - Play All Videos,Other
Pichon - Free Icons,Other
Surface Diagnostic Toolkit,Other
Dell Mobile Connect 3.3,Productivity
Autumn Colors,Other
Treehouses PREMIUM,Other
Folder & File Lock,Other
File Analyzer,Other
Typing Practice for Students,Other
"Video Editor Studio : Movie Maker, Flim Editor, Audio Mixer and More",Other
X-VPN - Best VPN Proxy master,Productivity
Windows File Recovery,Other
Share me Files,Productivity
Phototastic Collage,Other
Wallpapers 4K,Other
"Duo Video Converter - FREE Convert video to MP4, MP3, AVI, MPEG, FLV, WMV, MKV, h264",Other
Notepads App,Other
Lenovo Voice,Productivity
Team Remote Desktop,Productivity
Water Retreat PREMIUM,Other
Torrex Lite - Torrent Downloader,Other
xTorrent - Torrents Download Manager,Other
Festival of Lights,Other
Panoramic Cityscapes PREMIUM,Other
draw.io Diagrams,Productivity
Trello,Other
VPN Unlimited®,Other
Screen Recorder Lite,Productivity
PDF Document Scanner,Productivity
Bing Wallpaper Download,Other
File Viewer Plus 4,Productivity
Live Home 3D - House Design,Productivity
"WinRare+ .. preview, extract and create: rar, zip, 7zip, gzip",Productivity
Video Editor Music - No Crop Blur Background,Other
Painting in Light PREMIUM,Other
"Poster Maker: Thumbnail, Cover, Flyer & Ad Page Designer",Other
Presentation pptx free,Other
Reclaimed by Nature,Other
Videoder - Video Downloader 4K for You & Free Tube MP3 Music Converter,Other
lnkd.in,Browsing
WiFi Analyzer,Other
Beach Time PREMIUM,Other
Dropbox for S mode,Productivity
WinDynamicDesktop,Other
"Rar Extractor, Rar File Opener, Simple Unrar, Simple Unzip",Other
"Music Editor : Trim, Extract, Convert and Mix Audio",Other
WinZip Universal,Productivity
Porsche 911 GT2 RS - Forza Motorsport 7,Other
Master Of English Typing,Other
Xdrop - Fastest File Transfer,Productivity
Clipchamp - Video Editor,Other
National Geographic Antarctica PREMIUM,Other
PowerShell,Other
Warm Winter Nights,Other
Panoramic Train Views PREMIUM,Other
Extract,Other
Whales and Dolphins PREMIUM,Other
SUV Racing Xtreme,Other
"Logo Maker - Logo Creator, Generator & Designer",Other
123 Photo Viewer,Other
Xbox Insider Hub,Other
Planner 5D - Home & Interior Design,Productivity
MSI Dragon Center,Other
Vega Video Editor,Other
C Lite Browser,Productivity
Crosshair V2,Other
Audiotonic - Audio Editor & Recorder (based on Audacity),Other
HP QuickDrop,Other
Screen Recorder - Video Recorder and Livestream Recorder,Productivity
Ink Journal,Other
Ford F-150 Raptor Xbox One X Edition,Other
One Calendar,Productivity
Diagnostic Data Viewer,Other
Coloring Book: Drawing For Adults And Kids,Other
PPTX Viewer,Other
Music Maker Jam,Other
Panda Bears,Other
English Dictionary - Offline,Other
Screen Recording Star,Other
Amazon Rainforest,Other
"OfficeSuite - PDF, Mail, Documents, Sheets, Slides, 50GB Cloud",Productivity
"Cloud Drive! : OneDrive, Dropbox, Google Drive and more",Browsing
Light Trails PREMIUM,Other
Java Programming,Other
Tuber - Video Downloader for YouTube 4K. MP4 & MP3 Music Converter,Other
Amazon Wildlife PREMIUM,Other
"Flow Mail : Outlook, Gmail, Yahoo, iCloud and more",Productivity
"Animation Desk - Draw Cartoon, Make Animated Video, Create GIF",Other
Animal Portraits PREMIUM,Other
Awesome Tube - Player for YouTube,Other
Client 4 Google Photos,Other
Amazon Landscapes PREMIUM,Other
Canon Inkjet Smart Connect,Other
Digital Diary,Other
Hinglish to Hindi,Other
Stunning Waterfalls PREMIUM,Other
Remote Mouse,Productivity
"Thop TV - Videos, Music Converter",Other
One Photo Viewer,Other
TuneIn Radio,Other
Pride 2019,Other
NetTV Plus,Other
Microsoft Emulator,Other
Karaoke One,Other
Bamboo Paper,Productivity
Theme Store,Other
Screenshot - Screen capture screenshots snipping tool,Other
Monsoons,Other
VideoPad Video Editor Free,Other
QuickLook,Productivity
Vintage Motorcycles PREMIUM,Other
Desktop Gadgets,Other
Screen Recorder+,Productivity
Voice Changer-Game Voice Changer,Other
WiFi QR Code Scanner,Other
CyberLink PowerDirector 365 Essential,Other
"Real PDF Creator for Office Free - Word to PDF, Images to PDF, xlsx to PDF, pptx to PDF, URL to PDF, PDF Converter, PDF Maker",Productivity
Nahimic,Other
PDF Merger & Splitter: free pdf splitter to extract pdf and combine pdf,Other
Wish You Were Here PREMIUM,Other
"Journal, a Microsoft Garage project",Productivity
Screen Recorder for Windows 11,Other
SnapTube Converter,Other
Stock Desktop Widget,Other
ePathshala,Productivity
Desktop Live Wallpaper+,Other
Racing Xtreme Airborne,Other
MSI Center,Other
The Northern Lights,Other
Corel PaintShop Pro,Other
Kiran's Typing Tutor,Other
Windows Terminal Preview,Other
WordPress.com,Browsing
Python 3.8,Productivity
PS Photo Editor,Other
Azure VPN Client,Productivity
Piano 10,Other
Screenshot Snipping Tool,Other
Power BI,Other
Ultimate Photo Editor,Other
X Live Wallpaper,Productivity
National Geographic Safari PREMIUM,Other
Paint,Other
Cactus Flowers,Other
iDownload Manager (iDM) - High speed file downloader,Other
Torrent Manager,Other
HyperX NGENUITY (Beta),Other
VitalSource Bookshelf,Other
Transitions DJ,Other
7-Zip file archiver,Other
TubeMate VidMat Downloader,Other
"Forest Grow – Motivational Timer: keep track of your errands, shutdown distracting activity",Other
Vmate Utube Downloader,Other
Light in Darkness,Other
Feedback Hub,Other
Daily Desktop Wallpaper,Other
Microsoft Defender Application Guard Companion,Other
Free Virtual Keyboard,Productivity
Foxit PhantomPDF,Productivity
Laptop Speed Typing,Productivity
The Solar Eclipse,Other
Pic Collage,Other
Galaxy Buds,Other
Georgia Pro,Other
Swayam,Other
"Master Of Typing For Kids - Learning game for toddlers, preschool ABC educational puzzle",Productivity
Flipboard,Other
Network Speed Test,Other
Bluetooth File Transfer (BlueFTP),Other
Stopwatch + Timer,Other
PUBG Guidebook,Browsing
WeChat For Windows,Browsing
Up in the Sky,Other
What Next PREMIUM,Other
Intel® Optane™ Memory and Storage Management,Productivity
Autumn in Sweden,Other
Zip Rar Extractor 2020,Other
Blue Mail - Email & Calendar,Productivity
Springtime Art,Other
Wildflowers PREMIUM,Other
"PHOTO RESIZER: CROP, RESIZE AND SHARE IMAGES IN BATCH",Other
Dark Skies by Tracy Hymas,Other
HEIC to JPEG (FREE),Productivity
Indian Wildlife by Mayur Kotlikar,Other
BeWidgets,Productivity
Trains on Bridges PREMIUM,Other
Baffin Island Expedition by Will Christiansen,Other
Json Formatter Pro,Other
"PDF Converter: convert pdf to word & pdf to epub, mobi, docx, txt for free",Other
Sticky Notes - Post Virtual Notes on Your Desktop,Productivity
Meteor Showers,Other
Bridges in Autumn,Other
Bixby,Other
3D Viewer,Other
Advanced English Dictionary,Other
Windows Throwback,Other
"YuppTV - LiveTV, Catch-up, Movies",Other
Gears POP! Wallpapers,Other
Learn Hindi Typing in 1 Hour ( हिंदी टाइपिंग ),Other
My Talking Cat,Other
Collage Maker - Photo Grid & Montage,Other
Video Volume Booster,Other
Ebook Reader : TXT/EPUB Reader,Other
Thumbnail Maker for YouTube Videos,Other
Winding Roads PREMIUM,Other
Cover - Comic reader,Other
Image editor 10,Other
Quiklrn,Other
File Viewer Plus,Productivity
Wacom Notes,Productivity
Classic Cars PREMIUM,Other
Racing Horizon Nitro Asphalt,Other
World Clock - Time Zones,Productivity
"9 ZIP - open rar, zip, 7zip, gzip",Other
Hitting the Road,Other
A Moment of Hygge PREMIUM,Other
Inkodo,Productivity
Blender 2.83 LTS,Other
C Programming,Productivity
Explore Excel,Business
edjing 5: DJ turntable to mix and record music,Other
Snowy Mountains,Other
Chilly Morning,Other
Quick VPN: Free Proxy,Other
Intel® Graphics Command Center (Beta),Business
Pixlr X - Quick and Easy Graphic Design,Other
"Any Word to PDF: convert docx to pdf, doc to pdf for free",Other
Laptop Typing Practice,Other
Cosmic Beauty,Other
Videotape - A modern VLC alternative,Other
Bending Light PREMIUM,Other
Pixlr E,Other
f.lux,Other
Forest for the Trees,Other
LINE,Browsing
Learn Typing in 1 Hour,Other
Zoho Books - GST Accounting Software,Other
Hinkhoj Hindi English Dictionary,Productivity
Movie Maker & Video Editor for Windows,Other
Media Player X - With VLC Modern Library,Other
GoPro Player,Other
Take a Moment PREMIUM,Other
Passport Size Photo Maker,Other
Display Brightness Control,Other
MP3 Player - Music Player & Equalizer,Other
Video clip-Video editing & Video merging software,Other
File Downloader,Other
Fresh Paint,Other
360 Total Security,Other
KDE Connect,Productivity
Keep Notes: OneKeep Calendar & Planner - A Google Keep Clone,Productivity
Any VPN: Free Unmetered Proxy VPN,Other
AnyConnect,Business
Sketch Board,Productivity
Cool Screen Recorder,Other
Video Cutter & Compressor,Other
Beach Glow,Other
WavePad Audio Editor Free,Other
"NoteLedge - Notes & Sketch Notebook, Layout Design & Create PDFs",Productivity
Lovely Cake Master,Other
PowerPom - Pomodoro Timer,Other
Music Player - MP3 Audio Player,Other
Free MP3 Cutter Joiner,Other
All Language Translator Free - Speech Text and File Translator,Other
.Clocks,Other
WinDbg Preview,Productivity
Inkscape,Other
World of Bamboo PREMIUM,Other
alfacast screen mirror,Other
An African Safari,Other
"Open jpg, zip, rar, Word, PDF, photo & video",Productivity
Move Mouse,Productivity
The Times of India,Other
Lake Baikal,Other
Thumbnail Maker & Banner Maker,Other
Hotspot VPN - Best Free VPN & Unlimited Wifi Proxy,Other
Fitbit,Other
"Any PDF to JPG: pdf to jpeg, pdf to png, pdf to images converter",Other
Sun and Sand PREMIUM,Other
Sway,Productivity
Nightstand Analog Clock,Other
Colors of the Rainbow,Other
ShowKeyPlus,Other
XLSX Viewer Free,Other
Logo +,Other
ShareX,Other
Images To PDF Maker,Productivity
Sweet Selfie HD Camera,Other
Desert Beauty PREMIUM,Other
Shapr3D,Productivity
"Beauty & Filter Camera, Sweet Snap - Beauty Camera",Other
Media Player,Other
Aerial Beaches PREMIUM,Other
AV Cast,Other
Scanner for Windows 10,Other
Wi-Fi Transfer,Other
Screen Recorder For Free - Screen recorder screen record screen recording,Other
Fantastical Fantasy,Other
Anatomy 3D Atlas,Other
Face Camera Snappy Photo Filters,Other
DreamPlan Home Design Software Free,Other
PDF to Word Converter - FirePDF,Other
"Radio: Live FM AM, Music, Sports & News.",Other
Fashion Design Sketches - Patterns & Creative ideas to make unique looks,Other
Speed Test - Free Internet Speed Test Tools,Other
Dogs and Cats,Other
"Paint By Number - Color by Number, Coloring Book",Other
Data Usage,Other
Video compressor & Trimmer,Other
River Delta PREMIUM,Other
Rufus,Other
"Draw PDF - edit, read , annotate , PDF Reader & PDF Editor For Adobe Acrobat Documents",Productivity
Smart VPN: Proxy,Other
Image-Viewer,Other
Kahoot! Create,Other
Mi Blaze Unlock,Other
AirServer Windows 10 Desktop Edition,Other
Sights of Russia,Other
Volumey,Productivity
Desipad,Other
Monitorian,Other
Beautiful Norway,Other
Rambling Pathways,Other
Resume Maker Free,Productivity
Speech to Text converter,Other
TaskbarEffectLT,Other
QR Code Scanner,Productivity
Desktop Client for Google Chat,Other
spacedesk,Productivity
Corel Painter,Other
Aquile Reader - Modern ebook reader,Other
FortiClient,Other
UTorrent Remote UI,Other
DisplayHDR Test,Other
"Musixmatch Lyrics - Sing along Spotify, iTunes, Windows Media Player",Other
zTwitch - Twitch App,Other
"PDF Suite Pro - Free PDF Editor, PDF Creator, PDF Converter, Annotate PDF, Merge & Split PDF, Convert PDF to Images and more",Productivity
Mountain Dwellings,Other
Text Reader,Other
Japanese Landscapes,Other
Pulse Secure,Other
Study Planner,Productivity
"crazy video maker 2 - video editor, screen recorder & movie maker",Other
Bing US National Parks,Other
JPG to PDF Converter,Other
Waterfall Tour,Other
Quizlet,Other
Tube Vidmate Pro,Other
Baby Animals,Other
"Poster Maker, All Social Media Cover Pages & Ads Page Designer",Other
Battery Percentage - Pure Battery add-on,Other
"PDF Editor Office All In One : View Word (DOC), Excel(XLS) ,Slide(PPT) Edit ,Read ,Annotate , Merge , Signature ,Write Text on Pdf",Other
Video Compressor: Resize & Compress Video,Other
The Economic Times,Other
Paint 3D Creatures,Other
CropiPic - crop video & image,Other
Staircases PREMIUM,Other
"To write (notes, notepad)",Productivity
Browser Pro+,Productivity
Notebook Pro,Productivity
Video Player - video player all format media player,Other
Colors of Holi PREMIUM,Other
Typing Speed Test,Other
Dailyhunt (Formerly NewsHunt),Browsing
VP9 Video Extensions,Other
Secret Diary,Other
TubeMate Mp3 Downloader,Other
Microsoft Font Maker,Other
Mermaid Princess 2,Other
Express Burn CD and DVD Burner Free,Other
Barbie Games,Other
Image Resizer for Windows 10,Other
Fan Speed Setting,Other
Free Video Editor & Movie Maker (using OpenShot),Other
My Calendar,Productivity
Rockwell Nova,Other
Fluent Flyouts Battery (Preview),Other
"Lingvanex Translator - Translate text offine, voice, PDF files with English dictionary",Productivity
Smiling Creatures,Other
Video Cutter Editor,Other
Ski Paradise,Other
yTwitch for Twitch.tv,Other
Nero DVD Player - the must-have DVD Player for laptop and PC,Other
Call of the Raven,Other
ICICI Bank,Other
French Riviera,Other
The Viral Fever - TVF,Other
Game Controller Tester,Other
ACG Player,Other
Photo Scan : OCR and QR Code Scanner,Other
ROG Aura Core,Other
Find a job using linkedin - Job search guide,Productivity
iMazing HEIC Converter,Other
Bollywood Hungama,Other
Vidmat,Other
"Thumbnail Maker & Channel Art Maker, Logo Maker - Banner Maker",Other
Episode - Choose Your Story,Other
Beauty of Britain 2 by Sean Byrne,Other
Free Video Cutter Joiner,Other
National Geographic Hummingbirds PREMIUM,Other
"Notebook - Take Notes, Sync",Productivity
Logo Maker with Graphic Design and Ads Designer,Other
Radio - FM AM,Other
EasyPDF – Free PDF Reader & Viewer,Productivity
Winter Holiday Glow,Other
Avee Player,Other
Vintage Journey,Other
Lenovo Pen Settings,Productivity
Video Trimmer - Video Editor & Video Maker,Other
World No.1 Typing Practice,Productivity
Aerial Iceland PREMIUM,Other
Beautiful Sunsets,Other
CorelCAD - 2D & 3D DWG CAD,Other
Chromosome X Browser,Productivity
Speedtest - Internet speed test net speed test speed meter,Other
Typing Practice Professional,Business
"Zip Extractor Pro - ZipX,Rar,Bzip,7z,Tar,Tgz,Taz,Gz,Iso,Tbz,Xz,Udf",Other
Cool Screen Recorder Lite For Windows 10,Other
Dell CinemaColor,Other
Natural Hearts PREMIUM,Other
Duplicate File Remover,Other
Lenovo Commercial Vantage,Productivity
Lakeside Vistas,Other
Hearts in Nature,Other
SmartTaskbar,Productivity
Code Writer,Productivity
Alarm Clock HD,Productivity
Miro: online collaborative whiteboard platform,Other
DJ Studio - Free Music Mixer,Other
"Photo Collage Maker - Photo Grid, Photo layouts & Montage",Other
Notepad For Windows 10,Productivity
JioFi,Other
Twinkle Tray: Brightness Slider,Other
Circuit Overload,Other
Duplicate Cleaner Free,Other
"Screen Catcher — make a recording of your screen with picture and sound: edit, cut, add filters and share it",Productivity
"8 Zip - open and extract RAR, ZIP, 7zip, 7z, ZipX, Iso, Cab for free",Other
Padlet,Productivity
JsonEditor,Other
Facebook Watch,Other
Sunflowers PREMIUM,Other
Colorful Birds,Other
Seasonal Art PREMIUM,Other
RAR File Extractor - Zip Unzip & File Compressor,Productivity
SpellBoy - Spell & Grammar Check,Other
Simplenote,Productivity
Chicks and Bunnies,Other
Light and Dark by Nick Boyer,Other
"PC Cleaner Tool - Clean Junk, Duplicate & Large File",Other
Special Day Countdown,Other
Galaxy Book Smart Switch,Other
Nature by Mike Swanson,Other
National Geographic Antlers in Autumn PREMIUM,Other
ROG Aura,Other
MSI Driver & App Center,Other
ReadAloud,Productivity
qBittorrent (Unofficial),Other
Arial Nova,Other
The Wonderful Moment,Other
US National Parks,Other
Virtual DJ Mixer : Mix and Record Music,Other
"Notes - Note taking,diary,memo,notepad",Other
"Power Planner: Homework, classes & grades",Productivity
Camera IO,Other
Stars at Night,Other
Typing Pro+ (Learn in 7 Days),Other
Ink Workspace,Other
My Photos,Other
JUMPING VPN – Unlimited Free VPN & Fast Security VPN,Other
"Rainbow Diary - note, journal, essay, diary book",Other
Power Apps,Productivity
Splash! — Unsplash Wallpaper,Other
Episode - Romance Club,Other
"Pic Collage Maker, Photo Editor - Foto Collage Photo Grid",Other
Xbox Avatar Editor,Other
Tumblr,Browsing
Stunning Cityscapes,Other
Video Player All Format - UWPlayer,Other
Small Basic,Productivity
Good Plan,Productivity
Bing Sunshine,Other
One Browser,Other
Scenic Europe 1 by Ingo Scholtes,Other
Australian Landscapes by Ian Johnson,Other
Colorful Boats PREMIUM,Other
Allen Digital,Other
Lunacy - Graphic Design Editor,Other
Mouse pointer highlight,Other
Paper Art PREMIUM,Other
Dell Digital Delivery,Other
Debut Video Recorder Free,Other
Abstract Bubbles PREMIUM,Other
MusicBee,Other
MetaMoJi ClassRoom,Productivity
Practical Photoshop,Other
Screenshot,Other
LiveWallpaper Beta,Other
Barbie Games: Dress Up Games for Girls,Other
"Easy Office: Word, Slide and Spreadsheet & PDF Compatible",Productivity
Earn extra income online: Learn to build online course with udemy,Other
Video Maker - VideoShow,Other
Resume building guide! Best CV and Cover letter,Other
Gears 5 x Luke Preece,Other
Lenovo Display Control Center,Other
"ALL Media Player - Video, DVD, Blu-ray, CD, SVCD",Other
Instant Videos Downloader,Productivity
HP Pen Control,Other
"HEIC Viewer, Print and Convert",Other
Audio Editor - Free MP3 Music Editor & Ringtone Song Maker,Other
TreeSize Free,Other
Photo Cut Paste : Background Changer,Other
Best HD Wallpapers and Backgrounds for PC,Productivity
HP Display Center,Other
Leafy Structures,Other
Hd Movies Hub 2021,Other
CAD Reader - Dwg Viewer & Measurement Tools,Other
My MP4 to MP3 Converter,Other
WazirX Portfolio Tracker Free,Other
At Home PREMIUM,Other
Okular,Productivity
Gears 5 Campaign,Other
Microsoft Edge DevTools Preview,Productivity
Coolle Office Suite Pro,Productivity
Rar Zip Extractor Pro,Other
Universal Bluetooth Pad,Other
Avira Phantom VPN,Productivity
Rainbow of Birds by Tracie Louise,Other
Swimming Holes,Other
3D Solar System - Planets view: observe astronomical phenomena and complete tests,Productivity
Fotor - Photo Editor & Design,Other
"Nebula Office PDF Suite: PDF Editor & Reader, Annotate PDF, Merge PDF, Split PDF, Create PDF, Convert PDF",Productivity
Desktop Client for Twitch,Other
Drift Max Racing,Other
Moto GP20,Other
Best VPN Unlimited proxy,Other
Try a Little Tenderness,Other
"Image to Text - File Scanning, Convert and Manager: text editor, transfer and printing",Productivity
Forza Hub,Other
Fields of Flowers,Other
Liberty Book Reader,Other
Web Media Extensions,Other
Explore the USA PREMIUM,Other
"Free Color Picker: color picker from screen, html color picker, hex color picker",Other
Nitrado,Other
"Poster Maker - Poster Design, Flyer Maker & Ad Maker",Other
Near Side of the Moon,Other
HP System Information,Other
Mortal Kombat ~ Fatalities,Other
"Real PC Cleaner - Free Disk Space Clean Up with Duplicate Files & Large Files Remover & Optimizer: Disk Cleanup, Speed Up PC, Master Cleaner",Other
MoneyControl,Other
Running Horses,Other
Pop It Fidget 3D - Relaxing Toys Trading Master,Other
Bicycles,Other
Alienware Mobile Connect,Productivity
Virtual Breadboard,Other
Unlimited Free Music Downloader,Other
Typing Test Free,Other
Gallery HD,Other
Audio Trimmer & Merger,Other
Care Center S,Productivity
"PDF Extra - Edit, View, Fill, Sign & Convert PDFs",Productivity
Best of Bing 2018 Exclusive,Other
Whiteboard - Draw Your Ideas,Other
TurboWarp,Productivity
Book Bazaar Reader,Other
Free Nature Wallpapers,Other
Free Timer,Other
MetaMoJi Note Lite,Productivity
My Day: Plan your Goals,Productivity
Flipkart Lite,Browsing
Simple Video Trim & Merge,Other
Film Maker - Free Movie Maker & Video Maker,Other
Taskade,Productivity
Video Editing,Other
Architectural Structures PREMIUM,Other
Photo Editor-,Other
Virtual Piano +,Other
Fantastic Phenomena,Other
Hot Air Balloons,Other
Undersea Life,Other
Invitation Card Maker: E-cards & Digital invites,Other
Scenic Europe 2 by Ingo Scholtes,Other
CustomCrosshair,Other
Cut Paste : Background Eraser Superimpose,Other
My Piano Phone,Other
"Clock (Live tile, alarm, timer)",Other
Extramarks - The Learning App,Other
My Stocks Alerts & Charts,Other
Community Showcase Cityscapes 2,Other
Better VPN - Best Free VPN & Unlimited Wifi Proxy,Productivity
IPTV,Other
Flash Browser,Productivity
VPN Proxy Browser,Other
GoTrust ID,Other
Cheats for GTA,Other
Take a Hike,Other
Calculator +,Other
Photo Size Changer – Pic Edit & Montage: ultimate editing tool for photos and pics,Other
My To-do List,Productivity
Dogs in Shades,Other
Webp Image Extensions,Other
Dog Days,Other
Ditto Clipboard,Productivity
Power Automate,Productivity
Video clip - Video crop video converter,Other
GCompris,Productivity
Glorious Blue,Other
Convert Text to Speech,Productivity
Aajtak,Other
Free GST Invoice Generator,Other
OCR Scan-Image to text,Productivity
Magnificent Japanese Flora,Other
Cat Expressions,Other
"MySQL, SQL & DBMS-simpleNeasyApp by WAGmob",Other
S Note,Productivity
Termius - SSH client,Other
Pantherbar,Productivity
South Indian Beaches by Shilpa S Rao,Other
My Dell,Other
WordWeb Dictionary,Other
CV Maker Free,Productivity
Fast PC Cleaner (+Vault Hide Secret Pictures & Videos),Other
AllTube Music&Video Downloader,Other
"Globe 3D - Get general knowledge about landscapes & countries, find your perfect trip route",Other
ReadySunValley,Other
Video Merge : Easy Video Merger & Video Joiner,Other
Free Car Wallpapers HD,Other
Cherry Blossoms,Other
Calculator Vault (Hide Photos & Videos),Other
Video Converter Any Format,Other
AI Meeting Manager,Productivity
"Collage Maker - Video, Photo Grid & Montage",Other
ISO Image Creator,Productivity
ABC kids Games- Learn Alphabet letters and phonics,Other
Princess Art Games,Other
Daily Current Affairs and GK,Other
Aerial Views PREMIUM,Other
MyIPTV Player,Other
DirectX Extensions Viewer,Other
Wolves by Dave Johnson,Other
Mixed Reality Portal,Other
"PDF Ink - Sign, Fill, Edit",Productivity
Celtx Screenplay,Productivity
Botanical Garden by Chris Chung,Other
Spiraling Fractals PREMIUM,Other
"VideoShow Video Editor & Free Video Maker with Music, Photo Editor",Other
"DOCX, XLSX, PPTX, PAGES, ODT, ODS, ODP - Real Office: Free Word, Slide, Spreadsheet & PDF Editor, Word to PDF",Productivity
Raw Viewer,Other
Python Programs,Productivity
Product Keys,Other
Coloring Book - Mandala Drawing,Other
PlayTo TV,Other
Fall guys Guidebook,Other
Photo Transfer App - Photos & Videos,Other
The Forest Floor by Bojan Šeguljev,Other
Samsung Screen Recorder,Other
"Audio Editor, Audio Recorder, Music Composer, Music Maker, Music Editor - Better Audio Editor",Other
Polar Animals,Other
Voice Recorder - Audio Record Voice Memo,Other
Microsoft Accessory Center,Other
"Poster Maker, Flyer Designer, Ads Page Designer",Other
My Microphone - Make Voice Louder: Volume control tool and sound recording studio with equalizer and FX,Other
Umbrellas,Other
Islands in the Sun,Other
Convection,Other
Verdana Pro,Other
JavaScript Studio,Productivity
Focus 10,Productivity
Ferrari Racing 3D,Other
Access Netflix Easily! - Free Version.,Other
Audiotonic Pro - Audio Editor & Recorder (based on Audacity) with FFmpeg,Other
Fotor,Other
Web Explorer,Other
MP3 Player - Music Player Audio Player,Other
PNW Birds by Christopher D Elliott,Other
Fluent Terminal,Other
Word Editor For Windows 10,Other
Animation Desk Classic,Other
ColorsTV,Other
SmartThings,Other
Anki Universal,Other
Ranch Hands,Other
Logo Maker & Logo Generator,Other
Antivirus HUB (Reviews & latest news),Other
Earthen Buildings PREMIUM,Other
"Idea Mapping – Workflow productivity: activity organizer, agenda, lists and plans",Productivity
"Video Maker of Photos with Music : Video Editor, SlideShow Maker",Other
Tanpura,Other
Calculator+ HD,Productivity
Downloder for Youtub,Other
Mental Canvas Draw,Other
File Locker (Encrypter Decrypter),Other
National Geographic Underwater PREMIUM,Other
Performance Index 64 - CPU Benchmark chart for your PC,Other
Code Connection for Minecraft,Productivity
Snow Sculptures,Other
Kobo eBooks,Other
"Music Paradise Player - Hearing aid & volume control for music tracks, streams and podcasts",Other
"Any Video Converter,Video To Mp3,Total Video Converter",Other
My Alienware,Other
London Architecture by Imran Mirza,Other
Gill Sans Nova,Other
SketchPal,Other
Lighthouses by Night,Other
FTP Manager Pro,Other
OpenInWSL,Other
Animal Mothers,Other
Free Online Invoicing & Billing App - Moon Invoice,Other
Clipboard,Other
Student's TimeTable,Productivity
Scientific Calculator %,Productivity
Full screen clock,Productivity
Photo Background Remover,Other
Bing Fan Favorites - Landscapes,Other
Sloths PREMIUM,Other
Realtime Network Monitor - Free,Other
Wall Clock HD,Other
Flower Petals,Other
QR Scanner Plus,Productivity
Spirality,Other
English to Hindi Dictionary - Universal,Other
Free MP3 MUSIC Downloader SIMPLE Songily,Other
3D CAD X - Design Your Way (Supports FreeCAD),Productivity
Video Editor & Music Movie Maker,Other
Photo Editor - Picture Editor,Other
Musical Arrangements,Other
Fireworks on New Year's,Other
Nebula Screen Recorder Pro - Screen Recorder Screen Recording Screen Record,Other
Czech Winter,Other
Coloring book for me & Mandala - Adult Colouring Book,Other
eBooks Reader Pro - a MOBI & EPUB Reader + Get Free Books for Kindle Reader,Other
Sense Clock,Browsing
Explore Word,Business
Robomate+,Other
"PDF Converter Pro: OCR, PDF to Word, Spreedsheet, HTML, Text, RTF, XPS, Images",Productivity
Merge PDF Free,Other
Purple World,Other
Skolar,Other
PDF Converter.,Productivity
Black Notepad,Productivity
Bountiful Cottage Gardens,Other
Fluent Screen Recorder,Other
Scratch Link,Productivity
HD Video-Player,Other
PDF Viewer Plus,Other
Dogs in Winter,Other
Keyboard - Voice Typing for Windows,Productivity
MovieFlix - Free All Movies,Other
Intro to iMovie,Other
Virtual Piano,Other
Lightning Strikes,Other
"Nero Burning ROM 365 - rip, copy, burn & protect your data",Other
Out on a Limb,Other
Screen Recorder & Webcam Recorder,Other
Proportion Grid Maker,Other
Enpass Password Manager,Productivity
News Reader for BBC News,Other
Dell Touchpad Settings,Other
Best Video Editor Master & Music Movie Maker,Other
Ultra PDF Editor Lite - Annotate & Fill Forms,Productivity
Coastal Germany by Frank Hojenski,Other
Countdown-Timer,Other
OverDrive - Library eBooks & Audiobooks,Other
Penguin Papas,Other
Mountain's Majesty,Other
4Plan - Home Design Planner,Productivity
SafeNet MobilePASS+,Productivity
Touring Spain,Other
In the Desert,Other
Coffee Art,Other
Letter Press,Other
Cool PSD Viewer - PSD Converter,Other
WebCam Monitor,Other
Bing in Space,Other
SonicWALL Mobile Connect,Business
Torrent Search PRO,Productivity
Photo to Text OCR,Productivity
IrfanView64,Other
Zoho Invoice,Other
UpNote,Productivity
Express Animate Animation Software Free,Other
Community Showcase Natural Landscapes,Other
Indian Wedding Dressup & Makeover - Fun Beauty Makeup Game For Girls,Other
GameVisual,Other
Image Raw,Other
"App for Instagram: View, Upload Photo",Browsing
"Kindle Books, Azw, Azw3, Mobi, Epub, Comic Books, PDF & More - Real eBooks Reader: Read Kindle eBook",Other
ESPN Cricinfo,Other
Battery Alarm & Analytics,Other
Quran Windows,Other
Hay Hay Hay,Other
GWSL,Other
MSI Center Pro,Other
PomoDuctivity - Stay Focused,Productivity
Alaskan Landscapes by Kyle Waters,Other
Calligraphy,Other
OnePomodoro,Productivity
Community Showcase Dramatic Skies,Other
Pretty in Pink,Other
Surreal Territory by Chuck Anderson,Other
DriveHQ FileManager Lite,Productivity
Piano Time,Other
Image Resizer - Resize Photos,Other
"WiFi Explore - SpeedTest, WiFi Scan",Other
Asphalt 9: Legends,Other
Red Alert：Steel Storm,Other
IDLE GOG：Glory of Kings,Other
League of Heroes,Other
Hill Climb Racing,Other
Roblox,Other
"Asphalt 8 Racing Game - Drive, Drift at Real Speed",Other
Confilct of Kingdoms: Total War,Other
Ruling legend :Decisive Battle in the King's City,Other
Free Fire missions,Other
Forza Street,Other
Three Kingdoms: Destiny Heroes,Other
Rage of Kings: Defend Dawn War,Other
Digital World Evolution2: Super Ultimate War,Other
Confrontation of Kings: Kings Landing,Other
Sacred Legend: Battle of the Gods,Other
Chef City: Cooking Tour,Other
Marine Empire: Warship Battles,Other
History of China's War,Other
8 Ball Billiards - Free Pool Game,Other
Modern Combat 5: Blackout,Other
Bike Stunt 2 - Bike Racing Game,Other
Forza Horizon 4 Demo,Other
Sniper Fury - Elite Gun Shooter,Other
Lightning Speed Car Race,Other
Sacred Adventure Group: Shining Stars,Other
Red Alert: Hail To The Great Yuri,Other
Ancient War: Dungeons and Warriors,Other
Brain Test: Tricky Puzzles,Other
Superbike Hero,Other
Pac Man Cat,Other
War of Rings: Archangel Sword,Other
Bloodthirsty Kingdom: Vampire War,Other
Ghost killer,Other
The Last of Hero,Other
Placing Heroes: The Legend of Doomsday,Other
Perfect Tongue Lick All,Other
Cave Golf Master,Other
eFootball™ 2022,Other
8 Ball Pool Mania Challenge,Other
Angry Birds 2,Other
World Cricket Championship 2,Other
League of Battleship: Thunder War,Other
GT Racing 2: The Real Car Experience,Other
Striker Zone: War Shooting Games Online,Other
Hot Dog Bush,Other
Modern Combat Versus,Other
Gangstar New Orleans: Online Open World Game,Other
Beach Buggy Racing,Other
3D Chess Game,Other
Chess Game Real,Other
Cooking Fever,Other
Real Car Driving,Other
Angry Birds Friends,Other
Township,Other
Dragon City,Other
Dawn of the Undead - revenge in post apocalypse world,Other
World of Tanks Blitz,Other
Hello Neighbor 2 Alpha 1,Other
The Chess Lv.100,Other
American Truck Simulator 2016,Other
Extreme Offrоad Cars,Other
March of Empires: War of Lords,Other
Need for Racing: New Speed Car on Real Asphalt Tracks,Other
Wings of War: Modern Warplanes,Other
Bubble Pop: Bubble Shooter,Other
Traffic Rider!,Other
Raid: Shadow Legends,Other
Candy Crush Soda Saga,Other
Buddy Kicks 3D,Other
Temple Endless Runner 2,Other
Ninja Shadow Fight 2,Other
Overkill 3,Other
Slither.io®,Other
Farming Simulator 16,Other
Dr Parking 4 Official,Other
Commando Adventure CSGO,Other
Moto Rider GO: Highway Traffic,Other
Homescapes,Other
Microsoft Jigsaw,Other
Disney Magic Kingdoms: Build Your Own Magical Park,Other
Brain Out 2,Other
Gardenscapes,Other
Microsoft Mahjong,Other
Microsoft Treasure Hunt,Other
Carrom Disc Pool,Other
City Racing2,Other
Code of War: War Games Online,Other
WWR: World of Warfare Robots Game,Other
Relic Runway Temple,Other
Bullet Force Multiplayеr,Other
Fishdom,Other
Perfect Piano,Other
Microsoft Solitaire Collection,Other
Big Farm: Mobile Harvest,Other
Public Transport Simulator - Beta,Other
Despicable Me: Minion Rush,Other
"Aircraft Fight - Air Force Armada, Alliance of Warships Protect the City",Other
Nitro Nation Drag & Drift,Other
Traffic Racer Most Wanted,Other
City Bus Simulator 2019,Other
Paradise Island 2,Other
War Planet Online: Global Conquest,Other
City Racing 3D,Other
Clockmaker: Match 3 Games! Three in Row Puzzles,Other
Cooking Diary®: Restaurant Game,Other
Warplanes: WW2 Dogfight,Other
Monster Legends,Other
Extreme Landings,Other
Extreme Car Driving Simulator,Other
Microsoft Sudoku,Other
Homicide Squad: Hidden Object & Matching Puzzle Game,Other
Hidden City: Hidden Object Adventure,Other
Hello Guest,Other
Sherlock: Hidden Objects Game and Mystery Match 3 Cases,Other
Grand City Gangster-Gang Crime,Other
World of Warships,Other
Goodgame Big Farm,Other
Forge of Empires,Other
Match Town Makeover: Match 3 Puzzle and City Building Game,Other
Operation: New Earth,Other
Iron Blade: Medieval Legends RPG,Other
Train Driver 2018,Other
Lamborghini Racing 3D,Other
Dragon Mania Legends,Other
Microsoft Ultimate Word Games,Other
Microsoft Minesweeper,Other
SpongeBob: Krusty Cook-Off,Other
Airport City,Other
Craft Building,Other
Soccer Football League 19,Other
Space Racing 3D,Other
BMX Stunts,Other
World Series of Poker,Other
Tank Force: Tank Shooter Games Online,Other
Sniper Strike – FPS 3D Shooting Game,Other
Instant War: Ultimate Warfare,Other
Magic Tiles 2019 : Free Piano Songs,Other
Fotbal Cup 2019,Other
Off Road Tourist Bus Driving - Mountains Traveling,Other
Brain Test - How Smart Are You ?,Other
Phantasy Star Online 2 New Genesis,Other
Manor Matters,Other
Counter Global CS Strike,Other
Temple Quest,Other
Cooking City: Summer Party,Other
AltspaceVR,Browsing
Metal Force: 3D Multiplayer Tank Shooting Game,Other
Pixel World Craft,Other
Candy Crush Friends Saga,Other
"Extreme City Racing - real speed car race simulator, overdrive: drift and parking mania",Other
Overdrive City,Other
Piano Game Classic - Challenge Music Tiles,Other
Real Chess Online,Other
Naval Armada: World Warships,Other
Ultimate Car Driving Simulator Game,Other
Public Coach Bus Transport Simulator 19,Other
Racing 3D: Need For Race on Real Asphalt Speed Tracks,Other
Worldcraft 3D Build & Craft,Other
Fort Squad Free Firing Battle Royale,Other
Trash Truck Simulator,Other
Cricket 3D World Street Challenge,Other
Ninja Fruit,Other
World Cup Football 2016,Other
Mystery Manor: hidden objects,Other
Sunset Bike Racing - Motocross,Other
Jewels of Rome: Match 3 Puzzle and City Building Game,Other
Disney Getaway Blast,Other
Bike Mania 2 Multiplayer,Other
Pixel Destruction: 3D Battle Royale,Other
Crossy Road,Other
FarmVille 2: Country Escape,Other
Wordplay: Exercise your brain,Other
Cyber Hunter,Other
Modern Sniper Gun Shooter 3D: FPS Shooting Games,Other
Jewels of Egypt: Match 3 Puzzle Game,Other
Future Tanks: War Game Online,Other
Food Truck Chef™: Cooking Game,Other
World at Arms - Wage war for your nation!,Other
War Ops: World War 2 Shooting Game,Other
Craft Pocket 3D - Survival & Exploration,Other
Farming Simulator 14,Other
Race Car Driving Simulator 3D,Other
Flower Zombie War,Other
Grand Tanks: Second World War of Tank Games,Other
Emperor of Mahjong: Match tiles in the best solitaire puzzle & build a city,Other
Naruto: Ninja Ultimate War,Other
Police Bus Offroad Driver - Hill Climb Transport,Other
City Racing 2: Asphalt Fast Furious,Other
"Coloring Games: Coloring Book, Painting, Glow Draw",Other
Taxi Sim 2020,Other
WorldCraft Block Craft Pocket,Other
Rocket Soccer Derby Free,Other
Masked Forces CS GO,Other
Archery Talent : Real Time PvP Archery Game,Other
Hitmasters Shotgun,Other
Eat.io,Other
Criminal Case,Other
100 Doors Game - Escape from School,Other
Pyramid of Mahjong: A tile matching puzzle and city building game,Other
Eerskraft Crafting,Other
Extreme Off-road 4x4 Driving,Other
Crime Mysteries®: Find Hidden Objects & Match 3 Puzzle Games,Other
Gang Battle Arena,Other
Offroad Big Truck Driver Simulator,Other
City Island 5 - Tycoon Building Offline Sim Game,Other
Simple Solitaire,Other
Battleground Mobile Free Fire,Other
Pull Him Out!,Other
CRAFT 3D: Crafting Building Exploration,Other
Tiny Troopers 2: Special Ops,Other
Offroad Tourist Bus Simulator - Hill Drive,Other
Monster Truck Destruction™,Other
KBC Official,Other
Sand Balls - Tricky Puzzle,Other
Candy Crush Jelly Saga,Other
Car Racing 3D High on Fuel,Other
Bus Parking 3D Simulator,Other
Battle Tanks: Legends of World War II 3D Tank Games,Other
3D Makeup Games For Girls,Other
Bus Drive Simulation,Other
"Word Search - Word Puzzle Game, Find Hidden Words",Other
"Spider Flight 2021 3d: Superheroes - Avenger in the city, stop the crime and catch the enemy",Other
Stand O’Food City: Virtual Frenzy,Other
Alto's Adventure,Other
Best Car Parking - Car Simulator: New Car Game,Other
Water Glass 3D,Other
Snowboard Party Lite,Other
Tank Stars Battle,Other
Gunship Force: Battle of Helicopters Online,Other
Stickman Hooks,Other
Business: Board Game,Other
Subway Surf Rail Rush,Other
Supermarket Cash Register - Girls Cashier Games,Other
Toy Car Racing 3D,Other
Mafia City Grand Crime Mission,Other
Ludo Star : Classic Dice Game,Other
City Moto Bike Racer 3D,Other
Bike Offroad Racing,Other
Rage of Car Force: Online Shooter Game,Other
Stack Ball 2,Other
Words Story - Addictive Word Game,Other
Parking Frenzy,Other
Jigsaw Puzzles Pro - Free Jigsaw Puzzle Games,Other
Killer Instinct,Other
Prince of Persia PC,Other
Pro 11 - Football Manager Game,Other
Diverse Block Survival Game,Other
LEGO® Legacy: Heroes Unboxed,Other
Design It Girl - Fashion Salon,Other
Hop Ball 3D,Other
Word Pics - Word Games,Other
Police Car Chase Driving Simulator,Other
Find The Differences - Spot it,Other
Sheriff of Mahjong: Match tiles & restore a town,Other
Emergency Ambulance Simulator,Other
Rally Point 4,Other
Russian Car Truck Driver 3D,Other
Spider Solitaire Collection Free,Other
Demolition Derby: Crash Racing,Other
Bubble Witch 3 Saga,Other
Airplane Flight Pilot Simulator,Other
Mr Bullet,Other
Hunter Assassin,Other
Seekers Notes: Hidden Mystery,Other
"Math Kids - Add, Subtract, Count and Learn",Other
WormsZone.io Dragon Edition,Other
Fire Engine Simulator,Other
Carrier Landings,Other
Word Link 2020,Other
Stickman Warriors!,Other
Mine World Craft,Other
"No.Pix - Color by Number, Pixel Art Coloring Book",Other
Night Mad City!,Other
Billiards 8 Ball Pool,Other
Survivors: The Quest,Other
Pro Carrom,Other
Cargo Airplane Simulator 2019,Other
Real Steel World Robot Boxing,Other
Coach Bus Simulator 2018,Other
"Math Games - Addition, Subtraction, Multiplication, Division",Other
Fire Craft: 3D Pixel World,Other
Wormate.io Snake,Other
Teron Offroad,Other
Airplane flight Simulator 2019,Other
Temple & Subway Surf,Other
Bloons TD Battles,Other
Battle of Warplanes: Airplane Games War Simulator,Other
Genshin Impact Special Treasure Honkai,Other
Last Man on Earth: Survival,Other
Zombie Anarchy,Other
SuperHero.io,Other
Euro Oil Tanker Transporter Truck Simulator 3D 2020,Other
House.io - Hole Stike,Other
Sniper Strike 3D FPS,Other
Pinball Star,Other
Piano BTS Tiles - Kpop Music Game,Other
The Hidden Treasures™: Find Hidden Objects & Mystery Match 3 Puzzle Game,Other
Jewels of the Wild West: Match 3 Puzzle & City Building Game!,Other
The Secret Society: Find Hidden Objects Puzzle Mystery,Other
Farming 2020,Other
Venge.io,Other
Cooking Madness: Restaurant Fever,Other
Golden Farm,Other
Fireboy and Watergirl: Elements,Other
Space Jet: War Galaxy Machines,Other
C.H.A.O.S Multiplayer Air War,Other
Hovercraft: Takedown,Other
Wild Life Rescue - Quest to Hunting and Saving Creatures,Other
TerraGenesis - Space Settlers,Other
Fallout Shelter,Other
Star Chef™ 2: Cooking Game,Other
Supermarket Mania Journey: A Time Management Adventure,Other
Uno Multiplayer,Other
Stickman Fighter Epic Battle 2,Other
"Army Truck 2021 - Clash of Real Armed Cars, destruction racing, speed test and vehicle shooter",Other
Professional Racer,Other
Aquapark.io,Other
The Last Commando II,Other
Hawaii Match-3 Mania: Home Design & Matching Puzzle,Other
Halo: Spartan Assault Lite,Other
Top Boat: Racing Simulator 3D,Other
Touch The Wall,Other
Knife Hit ™,Other
Cops Vs Robbers: Jail Break,Other
ABC Kids - Tracing and Phonics,Other
F18 Carrier Landing Lite,Other
Extreme Road Trip 2,Other
Chess V+,Other
Helix Stack Ball,Other
Escaping the Prison: Stickman,Other
Deer Hunting: Animal Hunter 2019,Other
Truck Driver Job,Other
Aeroplane Simulator 3D,Other
Star Chef™ : Cooking Game,Other
Gangstar Story: Underworld Vegas Crime Empire,Other
Count Masters: Crowd Clash & Stickman running game,Other
Gunship Battle Strike 3D,Other
Magic Piano Kpop Tiles,Other
Highway Racer,Other
Super Stickman Heroes Fight,Other
Battlegrounds Free Fire,Other
Happy Wheels Racing,Other
Cake Shop: Bakery Chef Story,Other
Top Bike: Real Racing Speed & Best Moto Drag Racer,Other
Ludo All Star,Other
Warplanes: WW1 Sky Aces,Other
Siren Head Horror Escape,Other
Dungeon Hunter 5,Other
OffRoad Construction Simulator 3D - Heavy Builders,Other
Police Car Simulator 2018,Other
Racing Club,Other
Smash Cops Heat,Other
Pop it Master - antistress toys calm games,Other
Ben Heroes,Other
Escape Game 50 Rooms,Other
Roll the Ball 2020,Other
Phantom Dust,Other
Slither io,Other
Diep.io multiplayer,Other
Fancy Fashion Salon,Other
Real Steel Robot Transformer,Other
Cube of Duty: Ghost Blocks,Other
Jelly Shifts,Other
FINAL FANTASY XV WINDOWS EDITION Playable Demo,Other
"Fire and Ice - 2 player reaction game: elements click and run, the lost world, last hero",Other
Disney Princess Majestic Quest,Other
ATV Quad Bike Impossible Stunts Racing Mania 2018,Other
BEYBLADE BURST,Other
Block Strike 3D: Pixel Gun Craft,Other
Crowd City : Crowd Bump,Other
Stickman Warriors Avengers,Other
Battle Forces - FPS Modern Combat,Other
UNBOUNDED DRIFT,Other
Typing Teacher,Other
Millionaire Quiz 2019,Other
Mad GunZ Freе,Other
RIG Truck Parking,Other
Halo 5: Forge Bundle,Other
Fashion Girl: Makeover Salon,Other
Imposter Crew,Other
City Mania: Town Building Game,Other
Resident Evil 7 Teaser: Beginning Hour,Other
Snowboard Party 2 Lite,Other
Goodgame Empire,Other
Town City - Village Building Sim Paradise,Other
Sudoku Classic!,Other
Naruto Fight Shadow,Other
Royal Revolt 2: Tower Defense,Other
Shadow Fighting Avenger,Other
Chess Friends,Other
Puzzle Kids - Animals Shapes & Jigsaw Puzzles,Other
Piano Tiles 2030,Other
MiniRoyale 2,Other
Water Sort Puzzle,Other
Brawl Stars Brawlers Soldier,Other
World Tennis Masters,Other
Lep's World 4,Other
Mad Dentist - Kids Hospital Doctor Game,Other
English Dictionary+,Other
Tux Invasion,Other
Magic Jigsaw Puzzles,Other
Geometry World Dasher,Other
Real Formula Rival : 3D Car Racing,Other
Vehicles Transporter Big Truck,Other
Bubble Shooter Viking Pop!,Other
Football Strike - Perfect Kick,Other
Perfect Shift,Other
Dangerous Dave,Other
Crazy Dentist Hospital,Other
Flying Car Rescue Flight Sim,Other
"Baby Games: Piano, Baby Phone, First Words",Other
Grand Black Superhero Panther: Superstar City Survival,Other
Bedwarsify Overlay,Other
Drift Mania: Street Outlaws Lite,Other
Frontline Commando Survivor Killer 3D,Other
Wild West Critical Strike,Other
"Town Village: Farm, Build, Trade, Harvest City",Other
Aquapark.io!,Other
Fashion Hair Salon 2,Other
Subway Princess Run,Other
Zombie Road,Other
School of Dragons,Other
Clash of Empire: Epic Strategy War Game,Other
Pics - Guess the word,Other
Trade Island,Other
MY LITTLE PONY - Friendship is Magic,Other
Death Park 2 Shooter Scary Clown Survival Horror,Other
Tell Me Why,Other
Dumb Ways to Die 2: The Games,Other
BMX Touchgrind,Other
Bubble Ouch: Pop it Fidgets,Other
Nail Salon - Princess Nail Art Mania,Other
Grand Mafia Crime - Auto Theft,Other
Tom & Jerry: Mouse Maze,Other
Fairy Wedding Makeup,Other
Prison Escape 2016 Pro - Extreme Jailbreak Mission,Other
Jurassic Dinosaur World: The Kingdom of Fallen Dino Hunter 2018,Other
Spider FreeCell Solitaire,Other
Teen Patti Fun,Other
Space Commander: War and Trade,Other
Ludo Club - Fun Dice Game,Other
Kick the Buddy: Forever,Other
Real Pool 3D,Other
Poke RPG 2,Other
"Ragdoll Stickman Fight – blood murder attack & killer battle simulator, catch the criminal",Other
Cargo Truck Extreme Hill Drive - Mountain Driver,Other
Hair salon for girls,Other
Ghost Rider 3D,Other
Car Driving School 2019,Other
RUSH: A Disney • PIXAR Adventure Demo,Other
Barbie 2017 Memory,Other
"Slots Casino: Gambino Slots Online 777 Games, Free Casino Slot Machines & Free Slots",Other
Air Jet Fighter,Other
Logo Quiz Plus,Other
Spacelords,Other
King of Puzzles,Other
Pixel Gun 3D Battle Royale FPS Shooter FPS Heroes,Other
Call Break Free,Other
Tourist Bus Driving Simulator - Hill Top Road Ride,Other
Pet Rescue Saga,Other
Peppa Pig World,Other
Ghost Files 2: Memory of a Crime,Other
Free Music Tiles - Magic Guitar & Piano Games,Other
Omegle Love,Other
Bike Stunt Games: Motorcycle Racing 3D,Other
Biker Royale : Bike Stunts Racing Game 2019,Other
Tuk Tuk Driving Simulator,Other
City Police Vs Motorbike Thief,Other
Farm Dream: Village Harvest,Other
The Tribez,Other
Virtual City® Playground: Building tycoon,Other
Legend of Warship: Naval Empire,Other
Pou ™,Other
Rise of Kings : Endless War,Other
Sniper Ops 3D Shooter - Top Sniper Shooting Game,Other
Spider Hero 2021 — Ultimate super parkour training and extreme sport tricks quest,Other
Elven Lord: Justice League,Other
Fun Colors - coloring book & drawing art games,Other
AXES.io,Other
Tank.io Star,Other
Ski Safari2,Other
ABC Spelling - Spell and Phonics,Other
Monopoly Game Free,Other
Moto GP Knockout,Other
Tiny Troopers,Other
Idle Miner Empire,Other
Business world: Monopoly Board Game,Other
Bottle Shooter Sniper,Other
Multiplication Kids: Math Multiplication Tables,Other
Monster Masters Poke Go,Other
Increase My Typing Speed,Other
Zombie Hunter Sniper,Other
Wood Block Journey - Classic Puzzle Game,Other
Rush Race,Other
Super Boy Run,Other
Dancing Beats,Other
Pastry Pop Blast - Bubble Shooter,Other
Hunter 3D Free,Other
Ice Age Adventures,Other
Draw a Stickman: EPIC Free,Other
Car Racing NASCAR,Other
Stickman Superhero Avengers,Other
Hangman Free+,Other
Sniper 3D Assassin: Free Game,Other
Farm Tractor Simulator - Heavy Cargo Truck Driving,Other
Gun Free To Fire Shooting Games Of Duty Strike War Battle Fps,Other
Tanks VS Robots,Other
Hill Climb Racing 2021,Other
Magic Cube Puzzle 3D,Other
Uno Classic,Other
Traffic Driver Speed,Other
"Monster Truck Destruction: Euro Extreme Rush Racing, Steel Fighting of Huge Machines",Other
Transformer Fight,Other
Hills of Steel,Other
Brawl Royale 3,Other
Escape Masters,Other
Pirate Ship Sim - Warship Shooter and Warship,Other
Can You Escape,Other
Military Jeep Parking Driving Simulation 3D,Other
Modern City Taxi Simulator,Other
Ice Cream Maker - Cooking Game Simulator,Other
Shadow Battle,Other
Halo Wars 2: Awakening the Nightmare Demo,Other
Chess 3D - Checkmate and Gambit: royal board game,Other
"Sight Words: Pre-k to 3rd Grade, Reading Games, Best Sight Word Games For Kids",Other
Desert Legends: Monster Jeep Driving Truck Trials,Other
The Pirate: Plague of the Dead,Other
Cue Billiard Club: 8 Ball Pool & Snooker,Other
Draw it Draw,Other
Drag Racing Nitro Rivals,Other
Mayor Match: Big City Building & Match-3 Puzzle,Other
Clash of Irons: Blitzkrieg,Other
Block Puzzle Tetris - Classic Brick Games,Other
Halo Wars 2 Demo,Other
Monopoly Deal Free,Other
Hovercraft - Build Fly Retry,Other
Sonik Rush,Other
Classic Sudoku Master,Other
Hidden Resort Match 3,Other
Word Search: Hidden Words,Other
Fishing Planet,Other
Chicken Invaders 5 HD,Other
Pixel Counter CS Strike 3D,Other
Talking Ben Gold Run!,Other
Police Bus Hill Climb - Cops Pick & Drop Duty Sim,Other
Shopping Cart Hero 3,Other
City Helicopter Rescue Flight - Air Help Service,Other
"Helicopter 2021: fly your aircraft and save lives, perform the most dangerous stunts",Other
Super Model School,Other
Mini Golf Club,Other
Army Transport Bus Driver 3D - Military Staff Duty,Other
Demolition Derby Multiplayer,Other
Fly Transporter: Airplane Pilot,Other
Polysphere 3D,Other
Dungeon Hunter Champions: Epic Online Action RPG,Other
"Badminton Player: Master Of The Dream League Hits Opponents, Play Fast On Court And Take Your Reward",Other
Murder in the Alps,Other
Doll Girl Fashion,Other
Fighter Jet Air Strike,Other
DRAGON QUEST® XI S: Echoes of an Elusive Age™ - Definitive Edition DEMO,Other
Detective Story: Jack's Case,Other
Colors & Shapes - Kids Learn Color and Shape,Other
Perfect Chess,Other
Impossible Car Parking: Driving School Test Academy,Other
Pinball 3D Deluxe - Arcade Ball Game,Other
Figure 8,Other
Drawing Games: Draw & Color For Kids,Other
The Paranormal Society: Hidden Object Adventure,Other
Number Kids - Counting Numbers & Maths Games,Other
Big Hunter - Arrow.io,Other
Mirrors of Albion,Other
Monster Truck Race Nitro,Other
Bridge Constructors 3D,Other
Cooking Frenzy FastFood,Other
Princess Make Up: Unblock Fun,Other
Imperia Online: The Great People,Other
Modern Tanks: Tank War Games,Other
The Pirate: Caribbean Hunt,Other
Basketball NBA LIVE,Other
Robot Shadow Fight,Other
Solitaire Cruise Tripeaks Card Game,Other
Virtual Families : Cook Off,Other
Drift Mania Championship 2 Lite,Other
Most Wanted Jail Break,Other
Real Boxing King,Other
Texas Poker - Holdem Poker,Other
Dragon Pocket GO!,Other
Drop The Number™ : Merge Game,Other
Flow Free,Other
Parkour Race,Other
Airplane Rescue Simulator 3D - Pilot Crash Landing,Other
The Unknown City (Horror Begins Now.....Episode 1) Demo,Other
Farm Heroes Saga,Other
Bridge Race,Other
American Block Sniper Survival,Other
Offroad Racing,Other
Sudoku Classic,Other
Shadow Fight Boxing,Other
Rovercraft Racing - Build your space car!,Other
Magic Hair Salon,Other
Crafty Candy - Match 3 Adventure,Other
ice cream and cake games,Other
Gin Rummy Multiplayer Free,Other
Disneyland Adventures Demo,Other
BitLife Simulator,Other
Iron Tanks: Free Online Battle Game,Other
Gin Rummy Deluxe,Other
Wood Cargo Transporter,Other
Crazy Naruto: Ninja Blazing,Other
Tomb of the Masck,Other
Mountain Bike Xtreme,Other
Pinball Classic 2017,Other
Police Car Driving Games,Other
IPL Cricket Action,Other
Zumas Deluxe 2,Other
Jigsaw Puzzles Hexa,Other
Snake and Ladder Game,Other
Emilys Home Sweet Home,Other
Off Road Hill Driving 2016 - Extreme 4x4 Stunts,Other
Skateboard Party 3 Lite ft. Greg Lutzka,Other
Traffic Moto Racing 3D,Other
Words Scramble Music Box,Other
Benji Bananas Adventures,Other
Wild Dinosaur Simulator: Jurassic Age,Other
Cooking Madness Fever,Other
Drone Flight Simulator 3D,Other
Dress Up: Royal Wedding,Other
Airport Taxi Crazy Drive 3D - City Pick & Drop Sim,Other
Unicorn Coloring Book - Adult Coloring Book,Other
Rummy Palace,Other
Zombs Royale Game,Other
Aim Assist,Other
PAC-MAN Maze,Other
Pinball FX3,Other
Fruit Cube Blast,Other
Kids Preschool Learn Letters,Other
Real Steel,Other
iGun Pro,Other
f16 Jet Plane Simulator Challenge 3D,Other
"Hunting Animals - Survival hunt challenge, showdown sniper assassin quest of survive",Other
War Machines - Tank Stars,Other
Cake Maker Bakery Empire : Baking Games for Girls,Other
Cops Vs Robbers Prison Escape,Other
Wild Animal Simulator Goat 3D,Other
Wild West: New Frontier,Other
Simple FreeCell,Other
Kids Coloring Book : Coloring Fun,Other
Family Farm Village,Other
Town Building Games: Tropic City Construction Game,Other
Gunship AirStrike,Other
"Pirates & Pearls: Match, build & design",Other
Grand Prix Hero Pro,Other
Adeve Pacman Classic,Other
Bubble Shooter : Ball Bust,Other
Marble Woka Woka,Other
Rage Racing 3D,Other
Car Transporter Trailer Truck - City Cars Supplier,Other
Ludo Stars Club,Other
Angry Hammer: Grand Theft Auto,Other
Elvenar - Fantasy Kingdom,Other
Dinosaur Simulator,Other
Global City,Other
Zombie Outbreak Gunship Survival Halloween Games,Other
War and Magic: Kingdom Reborn,Other
Chess Champ,Other
Fashion Shopping Mall,Other
EmFPS,Other
Idle Miner Simulator,Other
Sky Guys,Other
Bloons Monkey City,Other
Crazy Pizza Maker - Little Chef Cooking Game,Other
Watergirl Redboy,Other
Stickman Legends,Other
Makeover Dress Up Girl Games,Other
City Island 4 - Sim Town Tycoon: Expand the Skyline,Other
Perfect Kick,Other
Run Sausage Run Run,Other
Piano White Master!,Other
Boxing.free,Other
Mountain Top Bus Driver,Other
Little Kids Tailor,Other
Ball Balance,Other
Requiem for Erich Sann,Other
Barbie Dominoes,Other
Water bike parking - Jet Ski Driving Simulator: Obstacles Racing,Other
Jetpack Joy,Other
Make A Cake - Cooking Games,Other
Reckless Racing Ultimate LITE,Other
Hearts Deluxe,Other
Chicken Invaders 4 HD,Other
Gin Rummy !,Other
Pinball Deluxe Reloaded 3D,Other
Taxi Driver City Cab Simulator,Other
Ferry Port Transporter Pro - City Cargo Contractor,Other
Snow Mountain Bus Driver - City Winter Driving Fun,Other
Poke Magic GO,Other
Chat Master,Other
"Puzzles for Kids ""Funny Animals"", baby learning games for toddlers and free games for kids, puzzles, jigsaw. Animal sounds and balloon pop childrens games.",Other
Tank Simulator 3D,Other
World Conqueror 4,Other
My Cafe Shop - Cooking & Restaurant,Other
Solitaire: Treasure of Time,Other
123 Numbers - Count & Tracing,Other
Peppa Memory,Other
Pixel Gun 3d 5 Royale Battle Survival,Other
City Sniper: Military Encounter,Other
Bingo Blitz™️ - Bingo Games,Other
Murder us Among Johnny,Other
Tiny Chess Game,Other
Find The Difference - Spot Odd One,Other
Dice King,Other
Block Puzzle Gem,Other
Hair Salon Games: Ice Princess,Other
The Secret Order 8: Return to the Buried Kingdom,Other
Roll a Ball - Slide Puzzle King,Other
Mercs of Boom,Other
Toca Boo,Other
Callbreak,Other
Twin Moons: Object Finding Game,Other
Masha World,Other
Preschool ABC Number and Letter Puzzle Games - teaches kids the alphabet and counting,Other
Airplane Pilot Air Refueling,Other
Simple Word Search,Other
Nugget Royalе,Other
Pixel Worlds,Other
Tanks World,Other
Ylands,Other
City Island 3 - Building Sim,Other
Super Gary marlo adventure,Other
Dragon Ball Battle,Other
Highway Traffic Racing 3D,Other
Motocross Bike Racing,Other
4 Pics 1 Word Quiz,Other
Red Hands - 2-Player Games,Other
Dress Up: Elsa,Other
Eternium,Other
Soccer Stars 2019,Other
Police Chase: Hot Pursuit Car Racing Games,Other
Avengers.io,Other
2048 !,Other
Plants vs Knights,Other
Head Ball European Cup,Other
PickCrafter - Crafting Game,Other
Lion Family Sim Online,Other
Real Fighter Air Simulator,Other
Cat VS Dog,Other
Block Wars Survival Games,Other
Emilys New Beginning,Other
霸主传奇：VIP免费送，职业随时换,Other
Extreme Hill Mining Driver 3D - Mountains Tunnels,Other
Desert Commando Adventure Shooting,Other
Belle Party,Other
World of Tennis: Roaring ’20s,Other
Real Car Racing,Other
Pet Run - Talking Hamster,Other
Magic Nail Salon,Other
Warhammer: Chaos & Conquest,Other
Exploration Lite Craft Game,Other
Minesweeper Original,Other
Space Shooter - Alien Shooter,Other
Spider Solitaire 2020 Classic,Other
Krrish 3 The Game,Other
Tic Tac Toe Pro,Other
Now you are in Orbit!,Other
Stick War Legacy,Other
Play Typing Practice,Other
Wind Rider!,Other
Heroes of Battleground,Other
Offroad Truck Simulator 3D 2017,Other
Formula Racing Showdown : 2015,Other
Color Switch Fun,Other
Hidden Express,Other
Racing Fever : Moto,Other
Mystery Hotel - Hidden Object Puzzle - Detective Game,Other
Mike V: Skateboard Party Lite,Other
Word Unscramble for Minecraft,Other
"Football World League: Flick, Score & Kick Cup 14",Other
FINAL FANTASY XV POCKET EDITION,Other
8 Ball Pool Snooker Stars,Other
Crazy Traffic,Other
Bow Shooter - Master of Archery Shooting: brave king of arrow snipers and train your skills,Other
Mahjong Journey: A Tile Match Adventure Quest,Other
Idle Digging Tycoon,Other
Car Parking Challenge,Other
Like A Dino,Other
Bomber Bomberman!,Other
Little Pony Runner,Other
Slalom Ski Race,Other
Unicorn Coloring Book Glitter,Other
Simple Mahjong,Other
Death Drive: Racing Thrill,Other
Piano Practise,Other
Mind Games Free,Other
Ludo Classic game : Ludo board star free,Other
Super AquaPark.io,Other
Air Hockey - Ice to Glow Age,Other
Bridge Builder Construction - City Mega Projects,Other
Teen Love Story - My First Date,Other
Superstar Ariana Dress Up,Other
Chess Royale: Board Game,Other
Piano Music Go 2019,Other
Lupy Games,Other
Horse Racing Manager,Other
White Tiger Family Sim Online,Other
Stickman Fight Shadow,Other
Dino Hunter Fight,Other
Horse Cart: Story Of Village Farmer,Other
Boat Racing Nitro 3D,Other
Mahjong Deluxe Free,Other
Brawl Battle Stars,Other
Highway Rider Extreme,Other
Kids Games Learning Math Basic,Other
Pool: 8 Ball Billiards Snooker - Pro Arcade 2D,Other
Urban Crime Commando Shooting 3D,Other
Princess Bath Spa Salon - Casual Games for Girls,Other
Cargo Crane Simulator,Other
FRONTLINE COMMANDO,Other
World Boxing 2019,Other
Real Pool 3D:Road to Star,Other
Wenjia(DEMO),Other
Modern Taxi Simulator Car Driver 3D 2019,Other
Ice Cream Paradise - Match 3 Puzzle Adventure,Other
Racing Car Driving and Parking Simulator,Other
Chess Riddles Deluxe,Other
International Chess Online,Other
Garden Pets: Match-3 Dog & Cat Home Decorate,Other
Slots Rush - Vegas Casino Slots,Other
Sponge Moves In,Other
FootBall Simulator 3D,Other
Chicago Bus Simulator,Other
Nail Art Salon Simulator,Other
Excavator Crane Simulator - Buildings Construction,Other
Virtual Families 2: My Dream Home,Other
Cupcake Maker - Crazy Chef Cooking Game,Other
Car Drift Racing Fever 2015,Other
Drift Rally Racing,Other
Snow Town - Ice Village World,Other
Super leps Jabber jump world,Other
The River Tests - IQ Logic Puzzles & Brain Games,Other
Super Rio Run Platformer,Other
Block Puzzle Classic Game,Other
Rise Up 2019,Other
Subway Surf Bus Rush,Other
Angry Piggies,Other
Talking Babsy Baby,Other
Sudoku Free,Other
"Warhammer 40,000: Freeblade",Other
Golfmasters - Fun Golf,Other
Word Cookies!®,Other
Ear Doctor : Super Clinic,Other
Supermarket Mania - Match 3: Shopping Adventure Frenzy,Other
RC-AirSim Lite,Other
City Construction Heavy Roads - Mega City Builders,Other
Can You Escape 2,Other
Bat Attack Cricket,Other
Magazine Cover Girl,Other
Go Sonic Run Faster Island Adventure,Other
Tambola: The Indian Bingo,Other
Color Road.,Other
Paint 4 Kids,Other
Prendi Peppa,Other
Grand Forklift Simulator 3D,Other
Spy Agent Action Shooting: Relic FPS Gun Game,Other
Emilys Hopes and Fears,Other
Tuk Tuk Simulator,Other
Stunt Bike Race : Real Trail Extreme,Other
Army Truck Simulator - Military Truck Driving,Other
Stickman Battlefields,Other
Cube Steel: Maximum Survival,Other
Astronaut Simulator 3D - Spaceship Repair Simulator: help the cosmonaut and drive the rocket,Other
Day at School My Teacher Games,Other
Virtual Villagers Origins 2,Other
Cartoon Coloring Book for Kids,Other
Dragon Awaken: Genesis War,Other
Checkers!,Other
BFF High School Fashion,Other
Tic Tac Toe,Other
The Othello,Other
Endless Skater,Other
SoulCraft,Other
Fancy Blast,Other
Coloring book for kids animals,Other
Ball Adventures,Other
Wood Block Puzzle 2019,Other
花千骨：洪荒降世，百花凋零,Other
Tomb of the Mask +,Other
Ultimate English Spelling Quiz,Other
Funny Run: Blocky Adventures in 3D,Other
Barbara Fasionable Adventure,Other
Cargo Train City Station - Cars & Oil Delivery Sim,Other
Beach Quad Bike Racing 3D,Other
Off Road Cargo Oil Truck - City Fuel Supply Duty,Other
Crocodile Family Sim : Online,Other
Battleship Free,Other
"Learn to Read & Save the Animals, English Phonics ABC learning games for kids. Learn English Alphabet spelling preschool & kindergarten kid educational game.",Other
Golf King Battle,Other
Criminal Case: Save the World!,Other
Lost Lands: The Golden Curse (free to play),Other
Stickman and Guns,Other
FreeCell Classic Solitaire,Other
Plants vs Goblins,Other
Halo Recruit,Other
"Hunting Shark 2021 - Survival Hunter, Call of the Nature, catch and eat your prey",Other
Crash of Magic,Other
Kids Preschool Learning Games,Other
Warship Wars: Naval Fury,Other
Flip the Gun!,Other
Icy Food Maker - Frozen Slushy,Other
"Drawing Pad - Painting Craft : learn how to draw avatar, comics, anime & manga with painter app",Other
Village City Island,Other
Kids Learning Word Games,Other
Bloxorz - Block And Hole,Other
Make Up and Dress Games,Other
Commando Mission: World War 2,Other
Burger Shop : Kids Cooking Game,Other
New Coast Guard Beach Rescue Team: Camper Van Beach Resort,Other
Dino runner - Trex Chrome Game,Other
Helix Jump Piano Tiles,Other
Sort It - Puzzle,Other
Gold Miner !,Other
Supreme Duelist Stickman,Other
Doctor Hero,Other
Rise of Kingdoms: Conquer War,Other
Police Bus Staff Duty Transport 3D - Pick and Drop,Other
Fulgore Trainer,Other
Robotek,Other
Hexa Block Puzzle Merge,Other
Pick Me Up - Taxi Driver,Other
Glow Hockey Nations,Other
City Driving 2019,Other
Prime World: Defenders,Other
Play Football kicks,Other
Death Race Stunt Moto,Other
Accordion Pro HD,Other
Demolition,Other
Wedding Design,Other
City Cargo Trailer Transporter 3D,Other
Monster High Dress Up,Other
Dawn of Steel,Other
Temple Relic Oz,Other
Off Road Tuk Tuk Auto Rickshaw Driver Sim 2019,Other
"Demon at Work — devil legends, kill the lord of vampire, hell combat, magic defense",Other
Cricket Batter Challenge,Other
Kodu_Game_Lab,Other
Battle Arena: Heroes Adventure,Other
Ben 10 Soccer Penalties,Other
Frenzy Farming 2019,Other
Sky Destroyer - Bomber Plane 3D & Flying War Simulator: control aircraft and complete piloting missions in the sky,Other
Hero Wars Escape,Other
Car Racer 3D,Other
Skateboard Party 2 Lite,Other
Flight Theory,Other
Happy Chef,Other
Mystery Society 2: Hidden Objects: Free Hidden Object Games,Other
Moving Ball Puzzle,Other
Addicting Online Games,Other
Gummy Paradise - Free Match 3 Puzzle Game,Other
Minesweeper Free 2019,Other
Piano White Little,Other
Racing Car Drift,Other
Police Car Chase Smash - Traffic Violation Control,Other
Masha and The Bear Memory,Other
glitter nail game,Other
Unexpected Kiss,Other
Hot.Pursuit,Other
Army Sniper Mission Impossible 3D,Other
City Island 4 - Town Sim: Village Builder,Other
Paper Fold,Other
Hero Rescue,Other
Sandwich! Maker,Other
Basketball Battles,Other
Bus Simulator 3D - City Coach Driving: public transport racing,Other
Mystery of the Opera: The Phantom's Secret,Other
Unroll Me - unblock the slots,Other
Baby Hazel Harvest Festival,Other
Craft Exploration - Temple Adventure,Other
Paw Pat Fidget Patrol Spinner,Other
European War 6,Other
City Construction Roads Builder 3D - Excavator Sim,Other
Pregnant Baby Birth - Virtual Surgery Simulator Game,Other
Railroad Crossing 2,Other
Light house,Other
Off Road Hill Station Truck - Driving Simulator 3D,Other
Bob The Robber 1,Other
Solitaire Tour: Classic Tripeaks Card Games,Other
Route: Escape The Undead City,Other
Head Soccer La Liga,Other
Fantasy Island Sim: Fun Forest Adventure,Other
Finding Yeti — Find the mystery frost monster: tracking instinct shooter & exploration,Other
Lost Lands: Dark Overlord (free to play),Other
Simple Spider Solitaire,Other
Off Road Drift Series,Other
Logo Quiz Ultimate,Other
Reaper,Other
The Legacy: The Tree of Might (free to play),Other
Traffic Chaos - Street Racing: Ride & Complete the Mission,Other
Free Solitaire +,Other
Arena of Robots - Combat of Fighting Mini Bots: destroy and shoot the rival,Other
HEVC Video Extensions,Other
MX Player HD,Other
"PDF Converter For Office : PDF to Word(Docx),XLS,PPTX,HTML,TXT & Word To PDF ,Images To PDF ,Excel to PDF ,OCR PDF",Other
HD Movie Maker - PRO,Other
"PDF Converter X: PDF to Word, OCR",Business
"Multi-Platform Video Conference (Support GoogleMeet, Zoom Meeting )",Productivity
Sketchbook Pro,Other
TaskbarX,Other
Tux paint - Graphics Editor,Other
Typing Master 10,Other
HEVC Video Extension Codec,Other
Nebo,Productivity
GIMP - Image Editor PRO,Other
Reader For Reading Kindle EBook,Browsing
WinRAR ZIP Professional,Other
Transparent Taskbar,Other
FL Studio Mobile,Other
HEIC Converter Pro,Other
Penbook,Productivity
Reader for Reading Kindle Ebooks,Browsing
MagicPods,Productivity
Guide For GTA Vice City,Other
MeetInOne for Google Meet,Productivity
Cricket 19 - Ultimate Edition Bundle,Other
paint.net,Other
Guide for Google Classroom-Online Teaching Tool,Other
PDF Compressor Kit - Reduce PDF Size for Windows 10,Productivity
"Music Player (Support Apple Music, Amazon Music, Youtube Music)",Other
Meeting using Google Meet,Other
"Pdf to Word PDF Converter: Pdf to Ppt , PDF to Jpg , docx , epub ,mobi, txt for free",Other
Boom 3D,Other
TUT for WinRAR,Other
"PDF Manager - Merge, Split, Trim",Productivity
"Google Docs, Sheets & Slides Templates.",Business
Scrble Ink,Productivity
HEIC to JPEG,Other
Webex Meetings -Auto Join,Other
Adobe Photoshop Elements 2021,Other
AirPlay - Screen Mirroring,Other
"PDF Office Pro : Word, Spreadsheet, Slide & PDF Editor ,Converter, Reader, Merger",Productivity
Screen Recorder by Animotica,Productivity
Photos Viewer (Support Google Photos),Other
Connect for GoPro.,Other
Sweet Home 3D,Other
Diarium — Private Diary / Daily Journal,Other
Zoomeetings Auto Join,Productivity
TaskbarToDock,Other
Torrent Downloader Pro,Other
"PDF Converter Kit - pdf to word OCR, sheet, image and webpage",Productivity
KS WallPaper Engine,Other
"ALL eBooks Reader for Kindle Books, AZW, AZW3, MOBI, EPUB, Comic Books, PDF & More",Other
Stop Motion Studio Pro,Other
Quick Pad - Fluent Notepad App,Productivity
Virtual teleprompter PRO,Other
Flash Player For PC,Other
Torrex Pro - Torrent Downloader,Other
Power BI Tutor,Other
Text Grab,Other
"PDF Reader Pro - Free PDF Viewer, PDF Annotator, PDF Editor, PDF Converter, PDF to Word, Merge PDF, Compress PDF, PDF Creator, PDF Splitter, Adobe Fill and Sign",Other
Desktop Player for YouTube Music,Other
Guide for BlueStacks Pro,Other
DWG Viewer.,Business
Guide Gas Station Simulator,Other
Restore Files PRO,Other
Tutorial for CCleaner Pro,Other
Memory Cleaner (RAM Booster) - Free Ram Memory & Speed Up Windows PC,Productivity
Display Calibration,Productivity
"SecurePDF : Add, Remove & Modify PDF password security",Other
Personal Files,Productivity
CONVERT IMAGE TO PDF,Other
WinOpener,Other
Epub-Reader,Other
"PDF Convertor For Adobe Acrobat : PDF to Word(Docx),XLS,PPTX,HTML,TXT & Word To PDF ,Images To PDF ,Excel to PDF ,OCR PDF",Other
"eBooks Reader for Kindle Books, MOBI, EPUB & More",Other
Guide For Pokemon Unite,Other
Guide GTA San Andreas Game,Other
Amaziograph,Other
"Any Video to Audio: convert mp4 to mp3, video to mp3, wav, m4a",Other
Quick Time Player Pro,Other
YouTube Downloader +++­ (Unofficial)­,Other
Tablet Pro Pen Tool,Other
Ad-free player and Downloader for YouTube Music,Other
Incognito VPN - Free proxy service,Productivity
Guide Need For Speed Heat,Other
"eBooks Reader for Kindle Books, AZW3, MOBI, EPUB and More...",Other
Presentation pptx,Productivity
Pro Live HD Wallpaper Studio 10 : Unlimited 4k Video & Live 4k Walllpapers,Other
PenNotes,Productivity
"WinSCP - SFTP, FTP, WebDAV, SCP and S3 client",Other
Smart Picture Manager,Other
Video Size Compressor,Other
Screenbits - Screen Recorder,Productivity
Screen Share — Screen Mirroring App for Windows 10,Other
Controller for Google Home,Business
Guide For Google Chrome,Other
Guide Garry's Mod Game,Other
csBooks - Smart Book Manager,Other
Screen Recorder Studio Plus - All-in-one Screen Recording with Webcam Support & Live Streaming,Productivity
OpenShot: Video Editor & Movie Maker,Other
Guide Grand Theft Auto V: Premium Edition,Other
"Audio Joiner: mp3 joiner, audio splitter & merger",Other
VPN Client PRO,Productivity
Data Recovery Professional,Business
Photo Compressor,Other
Duplicate Photo & Video Cleaner,Other
Torrent Remote,Other
TouchMail,Productivity
My Files Explorer,Other
Stream to ChromeCast.,Business
PC Cleaner (CCleaner alternative),Other
Webcam Settings,Business
Guide Ranch Simulator Game,Other
Floating Clock of Desktop,Productivity
SanDisk File Transfer.,Business
Guide Just Dance 2022,Other
Video Conferences using Webex,Business
Video to Audio Extractor,Other
LibreOffice Vanilla 7.1,Productivity
Mind Maps Pro,Productivity
Markdown Conversion Toolkit for Word,Other
"Nero Recode – all formats media converter, converts and rips videos and music",Other
Mind Maps Maker,Other
Guides For Pro BlueStacks,Other
Client for Google Drive..,Business
Guide For Best Android Emulators To PC (Windows 10),Other
Net Speed Monitor,Other
Guide for Google Earth Pro,Other
Screentik - Screenshot Tool,Other
Image To PDF Converter Pro,Other
LiveWallpaperMatrix+,Other
Guide For GTA San Andreas Game,Other
manual for Google Chrome APP,Browsing
Split Screen Viewer,Other
"Audio Editing - Convert, Mix, Merge, Trim, Extract, Split",Other
3D Viewer for Google Earth Tutorial,Other
"Filmage Converter Pro - Any Video Converter, Convert & Compress Video",Other
Guide for RAFT Survival,Other
Full HD Screen Recorder and Voice Recorder For Games: Take Screenshot Pro,Other
My PDF Editor,Other
Fenice for Twitter 5,Browsing
Find My Device (Android),Other
Org Chart Maker Pro - Organization Charts Builder,Other
Krita,Other
subtitle2xml,Other
CyberLink PowerDirector 19 Ultimate - Microsoft Store Edition,Other
Video Converter Any Formats,Other
DTube Downloader - 4K YouTube Video Downloader,Other
Powerful PPTX Editor,Other
Pdf Utilities,Other
LibreOffice7.2 base Windows 10,Other
Photo Viewer For Win10,Other
MC Epub Reader,Other
PDFcompare,Other
"Daily Expenses Tracker - Income and expenditure ledger, account fund management, personal financial statistics",Other
Learn Tux Paint,Other
Audio to ChromeCast,Other
Tutorial for Premiere Pro CC 2020 - Easy to Use Tutorials for Pr Beginners,Other
Guide For Google Earth,Other
Personal Digital Diary,Other
Wiggler - Pro,Other
WiFi Commander: 3D Analyze & Monitor,Other
Windows DVD Player,Other
PDF Joiner,Productivity
Home Design 3D,Productivity
VideoPad,Other
PDF Binder Pro,Other
Duplicate Sweeper,Other
inPixio Photo Eraser,Other
Leonardo,Other
inPixio Photo Editor Premium,Other
Audio Joiner Express,Other
CrystalDiskMark,Other
JSON Viewer & Formatter,Productivity
QR Code Reader Pro!,Other
Human Anatomy Atlas 2019: Complete 3D Human Body,Other
Guide For PUBG Mobile Lite,Other
"Universal EBook Reader - support EPUB, MOBI, FB2, CHM, XPS, DjVu files",Other
Monotype Ceremonial Font Pack,Other
theBlu : Season 1,Other
Audio merge clipping,Other
Video Loop Maker,Other
DTube - 4K Youtube Downloader (Unofficial),Other
"Free eBooks for Kindle Reader - Updated Daily - Get Free Books for Kindle, Free eBooks Library for Kindle",Browsing
Send Files to Kindle,Other
Simplified! Guides For AutoCad,Other
SSH Vault for Visual Studio Code,Other
Pro Widgets for Widget Launcher,Other
TV Cast to Sony,Business
Starmaker Downloader Pro,Other
Guide Ranch Simulator,Other
Guide for Adobe Photoshop CC and Lightroom CC for Photographers,Other
"3D CAD Pro - Design Your Way, DXF And More",Productivity
Fudget: budget planner & personal finance tracker,Other
Power Desktop - explore new era of your desktop,Productivity
"Google Docs, Sheets, Slides template",Other
Nearby Share .,Business
"Screen Recorder For Game, Video Call, Online Video",Other
"Budget Planner - Money Tracker，Personal Finance Tracker, Account Balance Manager",Other
Image to PDF Converter,Other
Draw On Screen,Other
Android Mirror to PC,Other
Cats 4k Live Wallpaper,Other
"Convert JPG to PDF with PDFCool - JPEG to PDF,PNG to PDF Converter",Other
PDF Convert To XML Document,Productivity
IGES & STEP Viewer,Productivity
PDF Merge & Split Tool,Productivity
"PDF Converter Pro(PDF to Word,PDF to Excel,PDF to PowerPoint,PDF to HTML)",Other
MP4 Video & Audio Tag Editor,Other
Tutorial for Garena Free Fire,Other
Ultra XLSX Editor,Productivity
X Torrent,Other
Clovery Plus,Productivity
Android File Transfer.,Business
Cast to Apple TV.,Business
"File Recovery - Recover files, photo, video, document and more",Business
Transparent Note,Other
WIFI Cast,Business
"eReader:EPUB,AZW3,PDF,MOBI reader",Other
GIMP 2.10 Pro,Other
Blues Harmonica Beginners Lessons,Other
Translator using Google Translate,Productivity
Net Speed Meter Plus,Other
Tuxpaint Raster Graphics Editor,Other
Torrent Manager PRO,Other
Starmaker Cover Downloader,Other
Switch for Bose SoundTouch,Other
3DM Simple Viewer,Productivity
Photo Recovery.,Business
Earth 3D Live Wallpaper,Other
"Any Media Converter — converting Mov to Mp4, Vob to Mp4, Mkv to Mp4, Webm to Mp4, video to Gif, Mp4 to Mp3, M4a to Mp3, Mp3 to Wav etc",Other
Client for Google Sheets.,Business
"PDF Reader Premium: View, Edit, Annotate, Convert",Productivity
Google Duo Pro - High Quality Video Call Guide,Other
Guide for Cast To - ChromeCast,Other
Guide for BlueStacks.,Other
Guide for Duo - High Quality Video Calls,Other
Chess Tactics (Puzzles).,Browsing
Translator (Google Translate & DeepL Translator),Business
Extract Pro - Rar Zip 7z+,Productivity
Any Sound Recorder: audio recorder & voice recorder,Other
ThatFile,Other
Adobe Illustrator Tutor,Other
Simple CSV to JSON Converter,Other
TP-Link Router Settings,Business
Binance App,Other
File Shredder,Other
Ableton Live: The Ultimate Beginner's Guide,Other
Backgrounds for Zoom,Browsing
Camera Tools for GoPro® Heros,Other
VOB Video Extension,Other
CardMaster,Productivity
"Free Books for Kindle with Daily Updates - Free eBooks Library for Kindle, Free Books for Kindle",Browsing
Duplicate & Similar Photo Cleaner,Other
Free Books for Kindle.,Browsing
Paint Photo Editor using Photopea,Other
AVI Player.,Business
Codepad++,Productivity
Automatic Video Subtitle,Other
Cast to ChromeCast..,Business
AirDrop User Guides,Other
VerbTeX LaTeX Editor,Productivity
PGP Tool,Other
MP4 Player,Business
Tanpura - Indian Drone Instrument,Other
EML MAI Reader PRO,Productivity
"Docs for Microsoft Office - MS Word, Excel & PowerPoint, Document Templates",Productivity
Dev CPP - C++ IDE,Other
Copy Photo & Video from GoPro,Other
HEIC to JPEG Pro,Other
AirReceiver,Productivity
Microphone Settings,Business
File Compression,Other
Icecream Screen Recorder,Productivity
Download Manager : Download All Files,Other
OCR Text Detection Tool,Productivity
AirPlay.,Other
Guide Super Mario 3D World + Bowser's Fury,Other
Guides For VLC Media Player,Other
Zoomeetings Backgrounds,Other
Client for Telegram,Browsing
"Video Converter & Audio Converter -Crop & Convert video to MP4, MP3, AVI, MPEG, FLV, WMV, MKV, h264",Other
Guide For Tux paint - Graphics Editor,Other
PDF to Excel Converter Full Version - FirePDF,Other
Screen Mirroring for ChromeCast,Business
Free CAD 3D Modeling - Wuweido,Productivity
Screen Mirror to Sony TV.,Business
Tips Riders Republic,Other
Tutor for Photoshop CC 2021: Project-Based PS Video Tutorials,Other
Garry's Mod Guides,Other
Dictionary Pro,Other
Kids ABC Letters (Educational Preschool Game),Productivity
abc Notes - ToDo & Sticky Note Application,Productivity
"Muscle Premium: 3D Visual Guide for Bones, Joints & Muscles — Human Anatomy & Kinesiology",Other
Anatomy & Physiology: Intro of Human Body Systems,Productivity
freda+,Other
Data Usage Pro,Other
ArchiTech Sketchpad,Productivity
Lexis Audio Editor,Other
Coursera Viewer,Productivity
"8 Zip Pro - advanced archiver for Zip, Rar, 7Zip, 7z, ZipX, Iso, Cab. Create, unpack and encrypt.",Other
Back to the Drawing Board - 2D CAD,Productivity
M8! - Mind Map,Productivity
Files&Folders Pro,Other
Teleprompter Pro,Productivity
Cricut Design Spaces,Other
Cricuts Design Space Pro,Other
Crosshair X,Other
Cricut Design Space Unlimited Projects,Other
Premiere Pro CC (Pr) Easy to Use Tutorials for Complete Beginners - Step-by-Step Video Tutorials for Premiere Pro,Other
Tutorial for Adobe Photoshop CC 2020 - Easy to Use Tutorials for PS Absolute Beginners,Other
Media Importer,Other
WPS AntiFreeze,Other
Desktop Client for Shazam,Other
Pkpass,Other
Guide For GTA V Game,Other
Shotcut,Other
Player for DVD's,Other
Adobe Illustrator Classroombook (2020 version),Browsing
MobileSheets,Other
IPTV.,Other
djay Pro,Other
WolframAlpha,Other
Guide for Adobe After Effects PC.,Other
ArtRage Vitae,Other
Video streaming and recording using OBS Studio (Open Broadcaster Software),Other
Guides for The Sims 4 Game Pro,Other
PhotoScape X Pro,Other
Guide for The Sims 4 PC,Other
OpenOffice Suite,Other
WiFi Sync for Canon Cameras,Other
Nebulas in 4K,Other
Affinity Photo,Other
My Dock,Other
LightCord - Lightweight and customized Client for Discord,Other
Affinity Designer,Other
X410,Productivity
"IP Camera Viewer: Wyze, Ring, etc",Productivity
RX Explorer,Other
"Offline Google Docs, Spreadsheet, Slides, Doc, Excel, Powerpoint Viewer and Editor",Business
IPTV+,Other
Roku remote control,Other
Tutorial For Adobe Premiere Pro CC (2020 release),Browsing
Guide for Digital Calendar,Other
MadKey - (Key Presser/Auto Clicker),Productivity
Guides For Google Translate,Other
Connect to Bose,Business
Mouse Cursor,Other
Duplicates Cleaner Prime,Other
ZArchiver,Other
WinRAR ZIP for Windows,Other
Essential Anatomy 3,Other
HEIC to JPEG Advanced,Other
Home Remote,Other
IP Scanner Advanced for Windows,Other
Auto Click Storm,Other
IPTV Player+,Other
Client for GotoMeeting,Other
PDF Fill & Sign,Productivity
DVD Creator,Other
Screen Mirror to Roku.,Business
Live Home 3D Pro - House Design,Productivity
HEVC Video Player,Other
Warframe Alerting Prime,Other
Guide For Cisco Webex Meetings Pro,Other
Cricut SVG Design Space & Free Fonts,Other
JBL Music Cast,Other
WikiCamps Australia,Other
Best Player,Other
Droid Transfer,Other
PandaPC Cleaner : Duplicates Cleaner & Duplicate File Remover,Productivity
Starrea - EPUB Reading & Annotation,Other
Wallet Pass,Other
Recording Studio Pro,Other
Summoners War Optimizer Pro,Other
Convert YouTube to .mp3­ (Unofficial),Other
Tiles for Origin Games,Other
Media Player Pro X.,Other
DVD CD Blu-ray Burner PRO,Other
Guide People Playground,Other
MKVToolNix,Other
Toca Life: School,Other
Tutorial for APK on PC,Other
iSaver - Screensaver Engine,Other
Cricut Design Space For Beginners,Other
Money Pro - Personal Finance & Expense Tracker,Other
Webcam System Settings,Other
Sense Desktop,Other
Garage Band to Logic Pro Course By mPV,Other
Bluetooth Terminal+,Productivity
Flash Player.,Business
Guide Fortnite Save the World,Other
"WebToon - Read Comics, Webtoons, Manga for Free",Browsing
Smart Home Design | 3D Floor Plan,Other
IPTV Viewer,Other
Media Converter Pro!,Other
Guide for Cisco Webex Meetings,Other
APK Viewer,Business
EPS Viewer.,Business
Video Downloader for All Platform,Other
Tutorial for Dev-C++,Other
Tutorial For Adobe Photoshop CC and Lightroom CC,Browsing
Panoramic Landscapes,Other
Audio Editor PRO using Audacity,Other
Phone Manager - iOS & Android,Business
Ultra Word Editor,Productivity
Weather Radar Pro,Other
RadarScope,Other
Tutorial for Roblox Game Beginner,Other
Thy Phone,Productivity
WordPad TextNote,Productivity
iCircuit,Other
Netgear Settings,Business
Learn Adobe Illustrator CC for Graphic Design and Illustration,Other
PuTTY - SSH and telnet client,Other
"Docs Editor (Google Docs, Sheets & Slides Editor)",Business
"PDF Converter Suite - PDF to Word(Docx), XLS, HTML, XML, PNG, JPEG & HTML, Word(docx), Xlsx, Jpeg, Xml to PDF",Productivity
Matrix 4k Live Wallpaper,Other
Controller X,Other
iPhotoTrans - Mobile to PC Photo & Video Transfer,Other
SWF Player,Business
Guide BeamNG Drive,Other
Switch for GoPro HERO,Other
hueDynamic for Hue,Other
TV Cast to LG,Other
Adobe Dreamweaver Tutorial For Beginners,Other
Pokemon Unite Guide,Other
Linksys Router,Business
Miracast..,Business
VirtualTablet,Other
DVD Video Grabber PRO,Other
Controller for Alexa,Other
AirPods Pro Connect.,Business
Bluetooth Connect,Business
One Photo Viewer Pro,Other
"Guide For SketchUp 3D Visualizing, Designing and Space Planning",Browsing
Recipe Keeper Pro,Other
Affinity Publisher,Other
Voice Assistant for Alexa.,Business
Full HD Screen Reecorder - Screenshot Taker : Game and Video Recorder,Other
HEVC / H.265 Converter,Business
Search Deflector,Other
MetaMoJi Note,Productivity
DreamPlan,Other
"OneMessage - Instant messenger client (Facebook messenger, Skype, Snapchat and more)",Productivity
Notes - Simple sticky notes,Productivity
"Mailee - Gmail, Outlook, Yahoo client",Productivity
Euro Truck Simulator 2 Gamer Guides,Productivity
Guide For GTA V Online,Other
LibreOffice 7.0 Getting Started Guide,Other
Phonos Universal for Sonos,Other
BRIO World - Railway,Other
Screen Recorder Plus,Productivity
RoFPS - (roblox fps unlocker),Productivity
Video Converter - PRO,Other
Tutorial for Poly Bridge 2 Game User,Other
Gimp 2.10.24,Other
"7 Zip - Software to compress and decompress Zip files, RAR files",Business
RDM - GUI for Redis®,Other
Access Netflix Easily!,Other
Debut,Other
"iCloudownloader : Photos, Videos",Productivity
Net speed graph,Other
Guide for Fortnite Game,Other
OpenOffice Windows Store Version,Productivity
Guide For FL Studio,Browsing
Adobe Illustrator Easy To Use Guides,Other
RPT Viewer,Other
Uploader for Amazon Photos,Other
Adobe Flash Player GuideApp,Other
Guide Euro Truck Simulator 2,Other
KS Mac Dock,Other
Movie Maker X,Other
Screen Mirror to LG Smart TV.,Business
Dev CPP,Other
StaffPad,Other
Maps Pro,Other
DVD to MP4 Converter.,Other
Cyberduck,Productivity
Grover Pro,Other
Online IP Cameras PRO,Other
"HEIC to JPG, JPEG & PNG Converter",Other
Bluetooth Audio Receiver.,Business
Clash of Clans PC Guide,Business
"Unzip X - ZipX,Rar,Bzip,7z,Tar,Tgz,Taz,Gz,Iso,Tbz,Xz,Udf",Other
Ip Cam Soft UWP,Productivity
ToDo for Google PRO,Productivity
Free Mp3 Music 2,Other
Controller for Galaxy Buds Devices,Other
Game booster for Windows,Productivity
WSL2 Manager,Other
Guide Teardown,Other
"NeoFilm Video Editor - Video Editor, Movie Maker, Video Editing Software",Other
DarkTable LightRoom,Other
Universal Email App - Mail for All Mailbox,Business
Spectrum Analyzer - Sound normalizer with frequency level meter and soundwave display,Other
Unlock for Android,Business
Text Scanner (OCR),Other
"Manual For Tor Browser ~ Fast, private & secure web browser",Browsing
Cast to Samsung TV.,Business
"PDF View & Edit For Adobe, Foxit, Xodo, Polaris, Google Doc",Other
Monotype Handwriting Font Pack,Other
Sketchpad Premium,Productivity
Afterlight,Other
The Guide of FIFA 21,Other
Guide Clone Drone in the Danger Zone,Other
Client for Google Calendar..,Business
Monotype Halloween Font Pack,Other
Keynote Guide,Other
Express Burn,Other
Auto Face Swap Pro,Other
Weather Radar using Windy,Browsing
Fedora Remix for WSL,Productivity
Collage Maker & Photo Editor - Photo Grid & Montages With Photo Frames And Artistic Canvas,Other
Passport Photos,Other
Sync for Philips Hue,Other
Screen Recorder Ultimate,Other
SIMS 4 Guides,Other
Just Checking,Other
SKP Simple Viewer,Productivity
Adobe Photoshop CC Professional Teaching - Improve your image editing skills,Other
MKV Video Extensions,Other
LCARS Interface,Other
Connect for Fujifilm,Business
Guides For GTA - V Game,Other
MATLAB : Learn language programming,Other
Connect for Canon.,Other
Guides For Grand Theft Auto - V,Other
eBook Downloads for Kindle,Browsing
Remote for Sonos.,Business
Miracast Screen Mirror,Other
Blu-ray Video Converter PRO,Other
Mulppy,Productivity
Guide For OBS Studio (Open Broadcaster Software),Other
MaCinema — Your Own Videoshow at Home: watch films together or alone with high video quality,Other
"Ziply - best archiver for zip, rar, 7z, iso, cab, and more... Compress, extract and encrypt.",Productivity
Silhouette Studio For Beginners,Other
Simple Video Clip,Other
VLC Media player_UserGUIDE,Other
Pengwin Enterprise 8,Other
Flip Clock Of Desktop,Other
Neutron Music Player,Other
Tutorial for Adobe Premiere CC 2020 Complete,Other
FreeCad for Windows,Other
Blink Camera.,Business
The Ultimate Netflix Guide,Other
Clean Reader,Other
Solidworks Tutor,Other
7-zip compressor,Other
Bingo Caller Machine 2,Other
"Swipe, Match and Make Friends automatically for Tinder",Other
Multi Messenger,Browsing
Car Scanner Pro,Other
Phone Calls,Other
Guide New Super Mario Bros,Other
"Grapholite - Diagrams, Flow Charts and Floor Plans Designer",Business
Remote for Denon Marantz HEOS,Other
AOT Viewer,Other
MyerSplash Photos,Other
Controller for Yamaha MusicCast,Other
EpubReader CALIBRE User Manual,Browsing
Super Sound Amplifier,Other
Calibre Guides,Other
Dynamic Desktop,Other
Guides for Plants VS Zombies,Other
Planetarium 3D,Productivity
eReader for Kobo Books,Browsing
LAN Drive,Other
Ink Calendar,Productivity
Seer Pro,Other
all 4 hue for Philips Hue,Other
Master AutoCad,Other
Terraria Gamer Guides,Other
Any Audio Cutter: mp3 cutter & audio trimmer,Other
Harmony Remote,Other
Guide Little Nightmares 2,Other
Cast to - Apple TV,Other
DVD Player Pro,Other
Mind Maps Master,Other
Blink Camera Viewer By digiCam,Other
Guide For CCleaner Practical,Browsing
Guide For Adobe Premiere,Other
Guide for Teardown Walkthrough Gam,Other
Agenda for Google Calendar .,Business
VSDC Video Editor,Other
Guide Mario Kart 8 Deluxe,Other
Snap Screen,Other
Tutorial for OBS Studio (Open Broadcaster Software),Other
Aim Trainer Widget,Other
StartButton,Other
Guide For Adobe Animate CC,Other
WinSoft Notes,Other
Guides House Flipper,Other
Guide for Learning SolidWorks Software,Other
MKPlayer Pro',Other
"Earth 3D Suite : Earth Pro, Street View",Other
Sonos Cast,Business
Scorpio Player,Other
Guide for GMail User Manual,Other
SQLite Viewer & Editor,Other
Tiles for Epic Games,Other
Journey,Productivity
"PDF Fill & Sign, Rotate, Delete & Rearrange Tool",Other
Guides For Google Earth,Other
iTheorie Auto Theorie asa CH,Other
Guide The Crew 2,Other
Guide For Logic of GarageBand,Browsing
Connect for Galaxy Buds,Business
RSS Tracker,Other
edjing PRO - Music DJ mixer,Other
Buxton Sketch,Other
Cinema 4D (C4D) 2021 Easy to Use Tutorials for Complete Beginners - Step-by-Step Video Tutorials for Cinema 4D R21,Other
Monitor for Nest,Other
TCL Cast,Business
iThoughts,Productivity
HEVC Video Player Pro,Other
XLS Edit Pro,Productivity
Tutorial For House Flipper Game,Other
Templates for Excel,Productivity
LiveATC,Other
Fluent Translator,Other
Saver for Instagram PRO,Browsing
Guide Farming Simulator 20,Other
TS3,Browsing
IP Network Scanner PRO,Other
Ocean 3D Live Wallpaper,Other
Monotype Wild West Font Pack,Other
Tips Fifa 2022,Other
TP Clock,Other
KVADPhoto+ PRO 2,Other
Guide Fall Guys Game,Other
Guide For Townscaper,Other
MyMeta,Other
FLV Player,Other
Pico Viewer,Other
SongBook for Windows Tablets,Other
Mirror for Samsung TV..,Business
Free Mp3 Downloads - Free Music Downloader,Other
Rocket VPN,Other
Android Phone Manager.,Business
Camera Wireless for Nikon,Other
"WinFTP Pro - FTP, FTP Manager, FTP Client, SFTP, WebDAV, SCP and S3 Client",Other
SCORPIO PLAYER X,Other
aquarium 4k live wallpaper,Other
Monotype Christmas Font Pack,Other
Guide Mini Motorways,Other
Pengwin,Productivity
KMind - A Remarkable Mind Mapping and Brainstorming Tool.,Productivity
Web Video Cast,Business
Guide For Silhouette Studio,Browsing
Guide PowerWash Simulator,Other
Viewer for Nikon Photos,Other
Mail Client based on Thunderb for Windows,Productivity
TelegramRus,Browsing
Guides Genshin Impact Game,Other
Wifi Direct Access Point,Productivity
Special Start Menu,Other
Guide Rocket League Game,Other
Mail+,Productivity
MarineTraffic,Other
Duplicate Cleaner Pro by Disko,Other
Photo Editor PRO ! ™,Other
Player for Media Gold,Other
SimpleOne Label Maker,Productivity
PUBG Mobile Guides,Other
Express Scribe Pro,Productivity
WindowTransparent+,Productivity
Direct Message for Discord,Business
AV1 Video Extensions,Productivity
RMVB Video Extension,Productivity
Mind Map X Pro,Other
Guides For Cricut Joy,Other
Switch for Roku,Other
Screen Mirror To LG WebOS,Business
Mpotify­,Other
Guide For Adobe After Effects CC,Browsing
Guide For Adobe After Effects PC,Other
Cast to Vizio,Other
KnowledgeBase Builder,Productivity
SuperPhoto,Other
Master Sony Vegas,Other
Waterlogue by Tinrocket,Other
Doc Opener Pro,Productivity
Guide Flight Simulator 2020,Other
Scribus Indesign,Other
M3U STREAM PLAYER TV,Other
Guide for Kena Bridge of Spirits,Other
Tutorial for WinRAR ZIP Pro,Other
Shadowsock VPN,Other
"CareUEyes - blue light filter,brightness control",Other
"HEIC & HEIF Image Converter (jpg, jpeg, png, bmp, tiff, tif, pdf and gif)",Other
Guide PICO PARK,Other
iOffice Suite,Productivity
personal finance,Other
Blu-ray S,Other
CyberLink Media Player 18 Standard,Other
Pomodoro-Tracker,Productivity
eBooks for Nook.,Business
Screenshot +,Productivity
Desktop - Clock,Other
WiFi Analyzer Tool,Other
Video 360,Other
Teleprompter App,Other
Open Visual Studio Developer Shell Here for File Explorer,Other
Client for Streaming PRO,Other
smart3Dplanner | Floor Plan 3D,Other
Car Mechanic Simulator 2021 Guide,Other
LibreCad 2,Other
"WinSCP - SFTP, WebDAV, SCP and FTP client for Windows.",Productivity
Pdf Reader using Foxit Engine,Productivity
Ultra eBook Reader,Other
Wallpaper Engine Guide,Other
Guide for Adobe Audition CC,Other
Guides For Clash of Clans Game,Other
Screen Mirror To SmartTV,Productivity
Autocad 2020 Tutor,Productivity
"Nebula Office: Word, Slide, Spreadsheet & PDF Compatible",Productivity
"PDF Editor - Real PDF Editing - Edit PDF Files,Text,Pages,Images...",Other
Smart TV Cast,Browsing
Reading Trainer,Other
Afanche 3D STEP Viewer Pro,Other
WinTiler 2,Other
Tutorial for Adobe Photoshop CC 2020 Complete Manual,Other
Dia for Windows,Other
MPEG-2 Video Extensions,Other
第三方哔哩哔哩播放器,Other
Screen Extender to iPad,Other
Game Controller Mapper,Other
Mixing Tracks For Ableton Live 10,Other
Ink Workspace Pro,Other
BlueStacks Guide..,Browsing
vCards,Other
HEOS Remote,Other
Rhino Player,Other
HD Wallpaper App PRO ™ | Space Wallpapers Everyday | Best Wallpapers HD | HD Wallpapers | Wallpaper HD | HD Wallpaper,Other
Simplified Guides For Windows 10,Other
Solar Panel Monitor for SolarEdge,Other
Monotype Rockstar Font Pack,Other
Tutorial for Bitmoji User,Other
Photo Editor­ Pro,Other
Untitled Goose Game Pro Guide,Other
Project Viewer .,Business
MATLAB Getting Started Tutorial,Other
"OfficeSuite Home & Business 2021 - Documents, Sheets, Slides, PDF, Mail & Calendar, 5GB Cloud",Productivity
Tutorial for Google Duo,Other
Pixel Ruler - Measure Distance on Screen,Other
Controller for Philips Hue,Other
Tiles for Stadia Games,Other
Super Media Player Pro,Other
IPTV DREAM BOX STREAM TV,Other
Guide For GoToMeeting,Other
Moon 3D Live Wallpaper,Other
Guide For My Summer Car,Other
"The Caffeine, keep your PC awake",Other
Guide Poly Bridge 2,Other
Guide for Discord Client,Other
Logitech Connect,Business
ISO Image Creator PRO,Productivity
"PDF Reader Pro - PDF‌ ‌Editor, PDF Annotator, PDF Converter, PDF Sign, Form Filler, PDF Merger, and Note-taker, Best Alternative to Adobe Acrobat",Productivity
Free Mp3 Downloader - Free Music Downloader,Other
Gaming Wallpapers 4K,Other
EasyTV,Other
Backgrounds for Microsoft Edge,Other
Smart TV Screen Mirror,Business
PDF Binder,Productivity
App Locker Plus,Other
Amazing Slow Downer,Other
FileBot,Other
Universal Zip,Other
Playcast,Other
Fall Guys Ultimate Knockout Game Guides,Other
HD Wallpaper App PRO | Space Wallpapers Everyday | Best Wallpapers HD | HD Wallpapers | Wallpaper HD | HD Wallpaper,Other
PDF to Word Converter Full Version - FirePDF,Other
Guide For Potion Craft Alchemist Simulator,Other
Stream to Amazon Fire TV.,Business
Pages Manager for Facebook Premium,Browsing
VisorApp,Other
Diablo 2 Resurrected Guide,Other
Screen Mirror 2 ChromeCast,Business
Cpu performance monitor,Other
Guide For EFootball PES 2021 Game,Other
Guide Counter Strike CS GO,Other
Learn Java Programming with Java help book,Other
AirDrop Pro Guide,Other
Tutorial for Google Classroom User Manuals,Other
Viewer for Turbo Tax.,Business
Guide for Timberborn,Other
SniffyPro,Other
MC Skin Pack Creator,Productivity
Win Movie Maker,Other
Screen Recorder & Video Recorder - Livestream Recorder,Other
Guide Cooking Simulator,Other
PGPFiles,Other
Human Japanese,Other
Music Speed Changer,Other
Earth 3D - World Atlas,Productivity
Passbook Converter,Other
"PeaZip : Zip,Rar, Zip & 7z Extractor User Guide",Other
Video Cast to Samsung TV,Other
Control for Kasa Smart,Business
Guide for Valorant Game Pro,Other
Font Book,Productivity
Guide Car Mechanic Simulator 2018,Other
Cricut Explore Air 2 Guides,Other
Tutorial For Scratch Programming,Other
XSonar,Other
Sticky Notes - Digital post-it,Productivity
Star Walk 2,Productivity
Not Microsoft Notepad,Productivity
H.264 Player,Business
Office Kit - Powerful editor for Adobe pdf and Microsoft doc docx xls xlsx ppt pptx,Other
CyberLink PowerDVD Standard,Other
Zen Brush 2,Other
Guide Assetto Corsa Competizione,Other
Smoke 4K Live Wallpaper,Other
"Unzip, Zip - Real Zip Pro",Other
Paprika Recipe Converter,Other
MPG to MP4 Converter,Business
Guide For Beamng Drive,Other
Client for Gmail.,Other
Talk Toggle,Other
My Screen Snipping Tool,Productivity
Guide Grand Theft Auto V GTA 5,Other
Master Final Cut Pro X,Other
Guides For Opera Browser,Other
MOV to MP4 Converter,Business
MR Video Player for immersive headsets,Other
Poly Bridge 2 Gamer Guides,Other
Tidy File Viewer Pro,Other
Universal Cryptonight Miner Pro,Productivity
LosslessCut,Other
eMule Store Edition,Other
eBook Conversion Tool,Other
FTP With FileZilla Zero-based Teaching,Browsing
Cast to Beats by Dr. Dre,Other
PPT to PDF Converter tool,Other
Guide Universe Sandbox,Other
Screenshot Powerful Tool PRO,Other
Hotspot Share Master,Other
Moon VR Video Player,Other
Planet Coaster Guide,Other
Tutorials For Scratch Programming,Browsing
SimpleDjvu,Other
Guide MIR4,Other
AV Remote,Other
Guide for Firefox Browser Beginners,Other
MOV Player,Business
Bluetooth Headphones.,Business
PDF Reader for Adobe PDF,Other
Desktop Video Camera,Productivity
Tutorial for Audacity,Other
Guide For Adobe Indesign CC,Browsing
DVD Player for Windows 10,Productivity
Mobile Legends Guides,Other
Aquarium Screensaver PRO,Other
TaskbarRadio,Other
Tutorial for Tor Browser,Other
Stardew Valley Guide,Other
WavePad,Other
Handy Art Reference Tool,Other
DjVu to PDF Pro Document Converter,Other
EML Reader,Other
Files Defender for Windows 10,Other
K53 Learners Licence RSA,Other
QR Code Generator Pro,Other
Auto Click Script,Other
"Pixroll Image Converter for HEIC, JPG, PNG, GIF and much more...",Productivity
Segoe Marker,Other
Guide Last Day on Earth Survival,Other
Hidemaru Editor(StoreApp),Productivity
PC Screen Recorder: Screen&Audio capture device,Other
HTML WYSIWYG Editor,Productivity
PhotoPad Image Editor,Other
CyberLink PowerDirector 19 Ultra,Other
Guide EFootball PES 2021,Other
TaskbarEffect+,Other
Express Zip,Other
Video & Audio Converter PRO,Productivity
"7-Zip Store Version (Unofficial) : Auto Update, X64",Productivity
Screen Mirror To Roku SmartTV,Business
Tutorial for Adobe Photoshop Lightroom Classic CC,Browsing
Virtual Machine.,Business
Guide for Fall Guys : Ultimate Knockout,Other
Guide Brawl Stars,Other
QuickLook for windows - Quick Eye,Productivity
Templates for Google Slides,Business
Geany - Code Editor,Other
Word To PDF Convert Master,Other
Client for Google Play Music.,Other
Guide For PUBG Mobile,Other
FLV Video Extension,Other
SimpleOne Label Maker Pro,Productivity
Token2Shell,Other
iMuscle 2,Other
Digital Diary Pro,Other
Flowdia Diagrams,Productivity
Tutorial for Adobe Premiere Pro Help and,Browsing
"Movie Editor (Convert, Trim/Cut, Merge, Split, Extract Audio, Add Background Audio)",Other
Free Video Downloader - Mp4 Downloads,Other
"My Private Diary Notebook - Private notes, group management note content, password note diary.",Other
Easy File Organizer,Other
"Office Pack for Document, Spreadsheet and Slide",Other
Guide To Become A Microsoft Flight Simulator Expert,Other
BookPad,Productivity
iTunesPlaylistExporter Free,Other
SniffyLite,Other
HangoutsJSONtoCSV,Other
inPixio Photo Cutter - Clipping and photomontage,Other
Garden Planner 3,Other
JPG to PDF : Export All Images into PDF,Productivity
"7 Zip - RAR files, Zip files",Other
Microsoft Visual C# for beginners,Other
Guide MLB The Show 21,Other
DaVinci Resolve 16 Getting Started Tutorial,Other
Daily Wallpaper - from Bing,Other
Web Camera Settings,Other
DVD Player Pro',Other
Hatch Embroidery Digitising Guide,Other
Jurassic World Evolution Guide-Tips and Tricks for Beginners,Other
Photo Manager for Canon,Other
Guide Truck Simulator Ultimate,Other
Guide for Firefox Beginners,Other
Switch for Sonos,Other
Cast to Roku.,Business
Shotcut Introdution To Video Editing,Other
an interface to hulu,Other
Volume² - advanced Windows volume control,Other
Audio & Microphone Recorder,Other
"Coolle OBBS Studio Pro: Screen Recorder, Stream Recorder, Window Recorder, Lively Recorder",Productivity
Easy Sticky Notes Pro,Other
"Day One Notes Pro - Personal diary notepad, daily mood tracking, to-do list, note picture memory, life travel atlas.",Other
Recording & Editing Course For FL Studio by AV 102,Other
Hisense Screen Mirror,Business
Guide Star Wars Battlefront 2,Other
MATLAB - Getting Started Tutorial,Other
Laitis,Productivity
"MP3 Converter - IconCool,Convert to MP3 to Wav to MP3",Other
PSD Viewer.,Business
Smаrt File Renamer,Other
Compress My Video,Other
Calculus Course Assistant,Productivity
Daily Wallpaper Classic - from Bing,Other
Electronic seal Making,Other
Guide Diablo 2 Resurrected,Other
Last Day on Earth Survival Game Video Guide,Other
Simply dictate,Other
TV Cast to Miracast,Other
WIA Scanner,Other
Synthwave Vaporwave 4k live wallpaper,Other
ottcluber,Other
Screen Mirror to Fire TV..,Business
Guide theHunter Call of the Wild,Other
Switch Plus,Other
CD Audio Grabber PRO,Other
PuTTY - SSH & Telnet Client,Other
Learn Python,Other
MOV Converter.,Business
Guide for Adobe After Effects Pro,Browsing
Client for Google Books.,Browsing
Canon Camera Management,Other
My Summer Car User Tutorial,Other
My Very Hungry Caterpillar,Other
Oxford Dictionary of English and Thesaurus,Other
Vector Artist,Other
Karaoke,Other
Beginners Class Microsoft Flight Simulator,Other
Yi Action Camera,Other
My Football Playbook,Other
Express Rip,Productivity
Betta Fish - Virtual Aquarium,Other
Tips The Sims 3,Other
Backup to Google Drive.,Business
BlueJeans Guide,Browsing
Alexa Guide,Browsing
Super Mario Maker 2 Gamer Guides,Other
Remote for LG TV,Other
Akai MPC2 101 MPC2 Software Explored,Other
Photos Opener Pro For Win10,Other
"Cloud Drive PRO for iCloud, Dropbox, OneDrive, Google Drive and other",Browsing
4K Movie Maker Pro X,Other
Genealogical Tree,Other
Guide Counter Strike Global Offensive Game,Other
Cast to Philips TV,Business
Editor of MP3 Tags PRO,Other
Icecream Slideshow Maker,Other
Photo Editor PRO ™,Other
JPG to SVG Converter,Business
VSD Viewer .,Business
Guides Clash Royale Game,Other
PDF Compression Tool,Other
Edu Pack 4 Minecraft,Other
Docker and Kubernetes,Other
Minecraft for Windows 10 Starter Collection,Other
Age of Empires II: Definitive Edition,Other
Among Us,Other
Minecraft for Windows 10 Master Collection,Other
Forza Horizon 5 Premium Edition,Other
Age of Empires III: Definitive Edition,Other
Cricket 19 Windows 10,Other
Age of Empires Definitive Edition,Other
Microsoft Flight Simulator: Standard Edition,Other
Microsoft Flight Simulator: Premium Deluxe Edition,Other
Age of Empires IV Pre-Order,Other
Euro Truck Simulator 2017 Pro,Other
Forza Horizon 4 Ultimate Edition,Other
Plague Inc.,Other
Sea of Thieves,Other
Minecraft Dungeons - Windows 10,Other
Halo 3,Other
Forza Horizon 4 Standard Edition,Other
Quantum Break,Other
Forza Horizon 5 Standard Edition,Other
Rise of Nations: Extended Edition,Other
Halo 4,Other
Totally Accurate Battle Simulator,Other
Microsoft Flight Simulator: Deluxe Edition,Other
Rise of the Tomb Raider,Other
Train Simulator World,Other
Zoo Tycoon: Ultimate Animal Collection,Other
Vocabulary Builder PRO ™ & Typing Master PRO ™,Other
Minecraft Dungeons Ultimate DLC Bundle - Windows 10,Other
DOOM Eternal Deluxe Edition (PC),Other
Call of Duty®: Infinite Warfare,Other
Farming Simulator 19 (Windows 10),Other
Cuphead,Other
Dead by Daylight Windows,Other
Among Us - Starter Pack,Other
Metro Exodus Enhanced Edition,Other
Minecraft Dungeons Ultimate Edition - Windows 10,Other
Quake,Other
Forza Horizon 4 Ultimate Add-Ons Bundle,Other
DOOM (1993),Other
KBC-game,Other
Mini Motor Racing,Other
DiRT Rally 2.0 (Windows),Other
The Outer Worlds,Other
Forza Horizon 5 Premium Add-Ons Bundle,Other
Yakuza Kiwami 2 for Windows 10,Other
Planet of Cubes Survival Craft,Other
Dino T Rex ™️ - Dinosaur Runner Game ™️,Other
Just Cause 4 - Complete Edition,Other
Top Gun Air Combat,Other
ABC DRAW for Kids : Drawing & Spelling! Alphabet Tracing Preschool,Other
Just Cause 4 - Gold Edition,Other
Gears of War: Ultimate Edition for Windows 10,Other
ASTRONEER,Other
Gears of War 4,Other
RESIDENT EVIL 7 biohazard,Other
Flight Unlimited X,Other
Toca Life: Vacation,Other
Spring Fashionista Dress Up,Other
Call of Duty®: Infinite Warfare - Digital Deluxe Edition,Other
ARK: Survival Evolved,Other
Call of Duty®: Modern Warfare® Remastered,Other
Halo Wars: Definitive Edition,Other
Imperator: Rome,Other
Cities: Skylines - Premium Edition 2,Other
Bloons TD 6,Other
Metro Simulator,Other
RESIDENT EVIL 7 biohazard Gold Edition,Other
SpiderMan Adventure,Other
Injustice™ 2 - Legendary Edition,Other
Alan Wake,Other
Maneater Apex Edition,Other
Metro Exodus Gold Edition,Other
SnowRunner (Windows 10),Other
Among Us - All in One Pack,Other
Trailmakers,Other
Halo: The Master Chief Collection,Other
QUAKE® III Arena,Other
Halo: Combat Evolved Anniversary,Other
【Pre-Order】 eFootball™ 2022 Premium Player Pack,Other
The Elder Scrolls V: Skyrim Special Edition (PC),Other
Mystery of the Ancients: Mud Water Creek,Other
Sniper Elite V2 Remastered,Other
50 Years (for Windows 10),Other
Ninja Warrior Epic Quest,Other
Age of Empires: Definitive Collection,Other
Halo 2: Anniversary,Other
Katana Zero,Other
Myst,Other
Fallout 4 (PC),Other
Wolfenstein: The New Order (PC),Other
Peppa Pig World Pro,Other
Train Sim World® 2,Other
Chess - tactics and strategy,Other
Chess_Game_2,Other
Overcooked! 2,Other
MARVEL VS. CAPCOM: INFINITE,Other
Windows Store - DiRT Rally 2.0 Game of the Year Edition,Other
Dead Dungeon for Windows 10,Other
Metro Saga Bundle,Other
Princess RPG (Windows 10 Version),Other
Brick Breaker+,Other
Trailmakers Deluxe Edition,Other
DOOM II (Classic),Other
HUMANKIND™,Other
FINAL FANTASY VII WINDOWS EDITION,Other
LIMBO,Other
Leo's Fortune,Other
Kids Sight Words,Other
Kids Learn to Read (Preschool),Other
Dr. Panda's Airport,Other
Toca Train,Other
Mind Games Pro,Other
3D Chess Game Plus,Other
World Cricket Championship Pro,Other
Marvel's Avengers,Other
Gang Beasts,Other
Halo Infinite (Campaign),Other
Undertale (PC),Other
Timberman VS,Other
Slime Rancher,Other
Ori and the Will of the Wisps,Other
Halo: Reach,Other
I Am Fish,Other
Halo Wars 2: Complete Edition,Other
Skyrim Special Edition + Fallout 4 G.O.T.Y Bundle (PC),Other
Grounded - Game Preview,Other
Human Fall Flat,Other
Farming Simulator 18,Other
Halo 3: ODST,Other
Injustice™ 2 - Standard Edition,Other
Obsurity (for Windows 10),Other
Descenders,Other
Deep Rock Galactic,Other
State of Decay 2: Juggernaut Edition,Other
Forza Horizon 5 Deluxe Edition,Other
Gears 5,Other
Two Point Hospital™,Other
Farming Simulator 19 - Platinum Edition (Windows 10),Other
Five Nights at Freddy's,Other
Geometry Dash Classic,Other
Project Winter,Other
ARK: Ultimate Survivor Edition,Other
Ori: The Collection,Other
Shiro (for Windows 10),Other
Toca Life: Town,Other
Survivalcraft 2,Other
Farming Simulator 17 - Windows 10,Other
Farming Simulator 19 - Premium Edition (Windows 10),Other
Halo Wars 2: Standard Edition,Other
Craftopia,Other
Bloons TD5,Other
Incredibox,Other
Ori and the Blind Forest: Definitive Edition,Other
Subnautica,Other
Forza Horizon 4 Deluxe Edition,Other
World War Z: Aftermath - Deluxe Edition,Other
Forza Horizon 4 Expansions Bundle,Other
FINAL FANTASY XIII,Other
Subnautica: Below Zero,Other
Hades,Other
World War Z: Aftermath,Other
Five Nights at Freddy's 2,Other
World War Z,Other
Goat Simulator Windows 10,Other
Fallout: New Vegas Ultimate Edition,Other
Hollow Knight,Other
Human: Fall Flat Legacy,Other
Five Nights at Freddy's: Sister Location,Other
Midnight Calling: Jeronimo,Other
Secret Neighbor,Other
Cities: Skylines - Windows 10 Edition,Other
Hello Neighbor,Other
Moorhuhn,Other
Marvel's Avengers Endgame Edition,Other
FINAL FANTASY IX,Other
Gears 5 Game of the Year Edition,Other
No Man's Sky,Other
SnowRunner - Premium Edition (Windows 10),Other
DOOM Eternal: Year One Pass (PC),Other
Ultimate Custom Night,Other
Toca Kitchen 2,Other
Fallout 3: Game of the Year Edition,Other
Stormhill Mystery: Family Shadows,Other
Fairy Godmother Stories: Miraculous Dream in Taleville,Other
Night in the Woods Win10,Other
Golf With Your Friends,Other
Animal Crossing New Horizons Pocket Camp,Other
Middle-earth™: Shadow of War™,Other
QUAKE® II,Other
PokeAquarium,Other
MechWarrior 5: Mercenaries,Other
Football Manager 2021,Other
Tropico 6,Other
Grim Tales: The Heir,Other
PC Building Simulator,Other
MudRunner,Other
FINAL FANTASY XV WINDOWS EDITION,Other
Medieval Dynasty,Other
Five Nights at Freddy's: Original Series,Other
Dr. Atominus (for Windows 10),Other
Five Nights at Freddy's 4,Other
PlanetCraft: Block Craft Games,Other
Hearts of Iron IV: Cadet Edition,Other
ReCore,Other
Wreckfest,Other
The Elder Scrolls IV: Oblivion Game of the Year Edition (PC),Other
Coronavirus: Doom and Destiny,Other
Remnant: From the Ashes - Complete Edition,Other
Halo: Spartan Strike,Other
The Ascent,Other
Timberman Fun Game,Other
Fallout 4: Game of the Year Edition (PC),Other
Jam Game,Other
Rush: A DisneyPixar Adventure,Other
Zoffice (Windows 10),Other
Survivalcraft,Other
DRAGON QUEST® XI S: Echoes of an Elusive Age™ - Definitive Edition,Other
Disneyland Adventures,Other
DOOM Eternal: The Ancient Gods - Part One (PC),Other
Halo: Spartan Assault,Other
Castle of no Escape (for Windows 10),Other
Farm Frenzy 2,Other
Clustertruck,Other
Pocket City: Windows Edition,Other
Butterfly (for Windows 10),Other
Drake Hollow,Other
Aragami 2,Other
Hydro Thunder Hurricane,Other
The Touryst,Other
ReactorX (for Windows 10),Other
Crusader Kings III: Royal Edition,Other
Colorful Colore (for Windows 10),Other
Forager,Other
Butterfly 2 (for Windows 10),Other
Dead by Daylight: ULTIMATE EDITION,Other
Lemnis Gate: Windows Edition,Other
Smart Moves 2 (for Windows 10),Other
Outer Wilds: Archaeologist Edition,Other
Middle-earth™: Shadow of War™ Definitive Edition,Other
SUPERHOT - Windows 10,Other
MechWarrior 5: Mercenaries - JumpShip Edition,Other
Gears Tactics,Other
Surgeon Simulator 2,Other
DOOM 64,Other
The Explorer Of Night (for Windows 10),Other
Bullet Beat (for Windows 10),Other
Superliminal,Other
MyMaitê (for Windows 10),Other
Smart Moves (for Windows 10),Other
DOOM 3,Other
PIPE by BMX Streets,Other
Out of Line,Other
Forgotton Anne Win 10 Edition,Other
Football Manager 2021 Xbox Edition,Other
Defense Zone 3 Ultra HD,Other
DOOM Eternal Standard Edition (PC),Other
The Elder Scrolls III: Morrowind Game of the Year Edition (PC),Other
Sable,Other
SCARLET NEXUS,Other
Company of Heroes 2: Complete Collection,Other
Kingdom Come: Deliverance - Royal Edition,Other
Life is Strange: True Colors,Other
Space Invader 7,Other
Crackdown 3,Other
SCARLET NEXUS Deluxe Edition,Other
Hugo Retro Mania,Other
Surviving Mars,Other
The Bard's Tale Trilogy,Other
Killer Instinct: Definitive Edition,Other
A Plague Tale: Innocence - Windows 10,Other
Metro 2033 Redux,Other
ACA NEOGEO METAL SLUG X for Windows,Other
Life is Strange: True Colors - Deluxe Upgrade,Other
The Walking Dead: Season 1,Other
WorldCraft: 3D Build & Block Craft,Other
Genshin Memory Game,Other
FTL: Faster Than Light,Other
DRAGON QUEST BUILDERS 2,Other
Tetris® Effect: Connected,Other
Mystery Case Files: Return to Ravenhearst (Full),Other
Synchro Hedgehogs (for Windows 10),Other
Mushroom Savior (For Windows 10),Other
Crusader Kings III,Other
Deep Rock Galactic - Ultimate Edition,Other
Cities: Skylines - Mayor's Edition,Other
Five Nights at Freddy's 3,Other
The Secret Order 8: Return to the Buried Kingdom (Full),Other
Sig.NULL (for Windows 10),Other
Draw a Stickman: EPIC,Other
Fallout 76 - PC,Other
Maneater,Other
Wasteland 3 (PC) Colorado Collection,Other
Rayman Jungle Run,Other
Fallout,Other
Tales of Vesperia: Definitive Edition,Other
DOOM Eternal: The Ancient Gods - Part Two (PC),Other
Saints Row IV: Re-Elected,Other
"Parking 3D - Street Drifters: Underground parking driver, Driving school simulator",Other
LEGRAND LEGACY: Tale of the Fatebounds,Other
Mighty Goose,Other
Heave Ho,Other
Dead Cells: The Fatal Seed Bundle,Other
Train Sim World® 2020,Other
Big Farm Story,Other
Ikenfell,Other
Tracks - The Train Set Game,Other
Sunset Overdrive,Other
Iron Harvest (Windows),Other
NieR:Automata BECOME AS GODS Edition,Other
Toca Hair Salon 2,Other
Castle of no Escape 2 (for Windows 10),Other
Psychonauts 2,Other
For The King,Other
Yakuza: Like a Dragon,Other
Twelve Minutes,Other
Celeste,Other
Batman: The Telltale Series,Other
Zoombinis,Other
The Long Dark,Other
Happy Farm Hay Day,Other
CHUCHEL,Other
Steam Game Tiles,Other
Spirit Legends: The Aeon Heart,Other
"Funny Animal Puzzles for Kids, full game",Other
Enter The Gungeon,Other
Wasteland Remastered,Other
Escape Sequence (for Windows 10),Other
HUMANKIND™ - Digital Deluxe Edition,Other
Children of Morta,Other
Boulder Dash® Deluxe,Other
Gears Triple Bundle,Other
Mount & Blade: Warband PC,Other
Grim Tales: Heritage,Other
The Bard's Tale ARPG : Remastered and Resnarkled,Other
Starbound,Other
Yakuza: Like a Dragon Legendary Hero Edition,Other
Comanche,Other
"Kids Puzzles, Funny Animals #2 (full game)",Other
Streets of Rage 4,Other
League of Stickmen,Other
Death in the Water,Other
Fairway Solitaire by Big Fish (Full),Other
WeakWood Throne,Other
Pikuniku Win10,Other
Draw a Stickman: EPIC 2,Other
Enigmatis 3: The Shadow of Karkhala (Full),Other
The Walking Dead: The Final Season,Other
Cribbage Pro,Other
DARKLAND 2,Other
ScourgeBringer,Other
Super Bomberman,Other
ACA NEOGEO THE KING OF FIGHTERS 2002 for Windows,Other
WorldCraft Premium: 3D Build & Craft with Skins Export to Minecraft,Other
ImmortalLegacy:TheJadeCipherConsoleEdition,Other
Alphadia Genesis 2,Other
Bubble Shooter 2021+,Other
Project Wingman,Other
Farming Simulator 17 - Platinum Edition,Other
The Binding of Isaac Rebirth Metal Gear,Other
30 days to survive,Other
Fallout 2,Other
Haunted Hotel: The Axiom Butcher,Other
Fruit Cut！,Other
Battletoads,Other
Shogi -Japanese Chess-,Other
F1® 2019 PC,Other
Fallout 76: Steel Dawn Deluxe Edition (PC),Other
KiKi's Adventure,Other
ACA NEOGEO METAL SLUG 3,Other
Chimeras: What Wishes May Come,Other
Remnant: From the Ashes,Other
The Last Running Hero,Other
4 Elements II Special Edition,Other
Furball Over The Front (2021),Other
Gris,Other
SpiderMan Shooter,Other
Romancing SaGa 3,Other
FINAL FANTASY VIII Remastered WINDOWS EDITION,Other
Yuletide Legends: Who Framed Santa Claus (Full),Other
8 Ball Billiards Pool.,Other
Farm Frenzy 4,Other
Chess 3D,Other
ilomilo plus,Other
Astria Ascending,Other
New Super Lucky's Tale,Other
Family Mysteries 3: Criminal Mindset (Full),Other
Destroy All Humans!,Other
Machinarium,Other
Rento - Realize your monopoly,Other
Stellaris - Galaxy Edition,Other
The Swords of Ditto: Mormo's Curse,Other
Life is Strange: True Colors - Deluxe Edition,Other
Blacksmith of the Sand Kingdom,Other
Metro: Last Light Redux,Other
ACA NEOGEO THE KING OF FIGHTERS '98,Other
Word Riddles PRO ™️ - Vocabulary Builder PRO ™️,Other
Cemetery Warrior V,Other
Second Extinction™ (Game Preview),Other
Nonograms+ : PC & XBOX,Other
Yakuza 0 for Windows 10,Other
Ticket to Ride,Other
Whispered Secrets: Ripple of the Heart,Other
Nightmares From The Deep: The Cursed Heart (Full),Other
Death's Door [Win10],Other
Dark Alliance Deluxe Edition,Other
Grim Legends 2: Song Of The Dark Swan (Full),Other
The Secret Order 6: Bloodline (Full),Other
ACA NEOGEO METAL SLUG 5 for Windows,Other
The Myth Seekers 2: The Sunken City (Full),Other
Worms W.M.D,Other
Stellaris,Other
Skip-Bo,Other
Visage,Other
Hunt Ducks,Other
Grim Fandango Remastered,Other
Bridge Constructor Portal,Other
Chroma Quaternion,Other
Monster Hunter Stories,Other
Rise: Race The Future,Other
Drone Gladiator (for Windows 10),Other
Crossword Jam+ : Crossword Puzzles for PC & XBOX,Other
Onet Classic Animals,Other
Space Hulk®: Deathwing™ - Enhanced Edition (Windows 10),Other
Defense Zone 3,Other
The Great Unknown: Houdini's Castle (Full),Other
Endless Fables: The Minotaur's Curse (Full),Other
Touhou Luna Nights,Other
Ultimate Paper.io,Other
Wolfenstein II: Standard Edition,Other
FINAL FANTASY X/X-2 HD Remaster,Other
The Forgotten City,Other
My Friend Pedro Win10,Other
Dead by Daylight: Silent Hill Edition,Other
Frostpunk,Other
Fairy Godmother Stories: Puss in Boots,Other
Kingdom Come: Deliverance,Other
Prison Architect PC,Other
Just Cause 4: Reloaded,Other
Phoenix Point: Year One Edition,Other
Persian Nights 2: The Moonlight Veil (Full),Other
Chess +,Other
Brain App - Ultimate Brain Training,Other
Into the Dead,Other
Dishonored 2,Other
Dark Alliance,Other
Wizard of Legend,Other
Slay The Spire,Other
Pillars of Eternity: Definitive Edition,Other
Bus Driver Simulator,Other
The Secret Order 3: Ancient Times (Full),Other
EVERSPACE™,Other
The Walking Dead: Season 2,Other
Enchanted Kingdom: A Dark Seed,Other
Wasteland 3 (PC),Other
FINAL FANTASY XII THE ZODIAC AGE,Other
Iron Harvest Deluxe Edition,Other
Monster Train,Other
2048+ PRO ! ™,Other
R.B.I. Baseball 21,Other
Galactica,Other
Ball Sort Puzzles+ : IQ Test - PC & XBOX,Other
Endless Fables 4: Shadow Within (Full),Other
Grim Legends: The Forsaken Bride (Full),Other
Time Mysteries 3: The Final Enigma (Full),Other
Enigmatis: The Ghosts of Maple Creek (Full),Other
Game Dev Tycoon,Other
Carrion,Other
Match 3D - Matching Puzzle Game - PC & XBOX,Other
Mystery Case Files: Moths to a Flame,Other
NO THING,Other
Peepaw's Farm,Other
Power Rangers: Battle for the Grid Super Edition,Other
My First Date RPG (Windows 10 Version),Other
Mystery Tales: The House of Others,Other
Donut County,Other
Moving Out,Other
Yakuza 6: The Song of Life for Windows 10,Other
Dr. Panda School,Other
The Secret Order 4: Beyond Time (Full),Other
Eventide: Slavic Fable (Full),Other
Hellblade: Senua's Sacrifice,Other
Psychonauts (Windows 10),Other
Haunted Hotel: The X,Other
Batman: The Enemy Within - The Telltale Series,Other
Nancy Drew: Midnight in Salem,Other
The Procession to Calvary,Other
Gin Rummy Card,Other
Dishonored® Definitive Edition (PC),Other
Brick Breaker: Shoot Puzzle,Other
Hidden Expedition: Smithsonian Castle,Other
art of rally,Other
Asteroids Origin,Other
Masked Ninja Action,Other
Living Legends: Voice of the Sea,Other
Worms Rumble,Other
Hidden Expedition: A King's Line,Other
Hangman Ultimate - Addictive! For PC & XBOX,Other
Dark Romance: Sleepy Hollow,Other
Wolfenstein: Youngblood (PC),Other
Bomber Crew,Other
ACA NEOGEO METAL SLUG for Windows,Other
Dark Arcana: The Carnival (Full),Other
"Human World for Kids, Educational Games for Babies",Other
Abyss: The Wraiths of Eden (Full),Other
Fishdom 3: Special Edition,Other
The Bard's Tale IV: Director's Cut,Other
Monopoly Deal Pro,Other
Demon Hunter 5: Ascendance (Full),Other
Cave Quest 2 - Match 3 Adventure,Other
UnderMine,Other
League of Light: Wicked Harvest,Other
Haunted Hotel: Personal Nightmare,Other
The Falconeer,Other
The Wolf Among Us - A Telltale Games Series,Other
Call of Duty®: Infinite Warfare - Digital Legacy Edition,Other
Paint by Numbers - Dinosaurs +,Other
The Emerald Maiden: Symphony of Dreams (Full),Other
Vampire Legends: The True Story of Kisilova (Full),Other
Video Poker#,Other
Riptide GP: Renegade,Other
Motocross Riders,Other
Lethal League Blaze,Other
Sweet Witches for Windows 10,Other
Alien: Isolation,Other
VAMPYR,Other
Phase 10 Pro,Other
R.B.I. Baseball 20,Other
Yakuza Kiwami for Windows 10,Other
Power Rangers: Battle for the Grid,Other
The Wild Case (Full),Other
City Legends: The Curse of the Crimson Shadow Collector's Edition,Other
Living Legends: The Crystal Tear,Other
Toca Builders,Other
Bridge Constructor,Other
Solitaire Collection^,Other
F18 Carrier Landing,Other
Conan Exiles,Other
Planet Genesis 2,Other
Romancing SaGa 2,Other
Lonely Mountains: Downhill - Eldfjall Island,Other
The Evil Within (PC),Other
Tainted Grail: Conquest,Other
King's Heir: Rise to the Throne (Full),Other
Black Skylands (Game Preview),Other
Jetman Fly Adventure,Other
Nightmares from the Deep 3: Davy Jones (Full),Other
Titan Quest Anniversary Edition,Other
3D Mahjong.,Other
Oxenfree,Other
Family Mysteries 2: Echoes of Tomorrow (Full),Other
Johnny Rocket,Other
Valkyria Chronicles,Other
The Medium,Other
Spiritfarer®,Other
Four in a Row Connect+ : Classic Board Game for PC & XBOX,Other
Mystery Case Files: Black Crown,Other
The Outer Worlds: Board-Approved Bundle,Other
Darkness and Flame: Enemy in Reflection (Full),Other
Infinite Dash,Other
F1 2018 PC GP,Other
minetest 5.2,Other
Cold Silence (for Windows 10),Other
AI: THE SOMNIUM FILES,Other
My Colony 2,Other
Supraland,Other
Europa Universalis IV - Microsoft Store Edition,Other
Minesweeper Pro+,Other
Marvel vs. Capcom: Infinite - Deluxe Edition,Other
Omno,Other
DIRT 5,Other
Dreamwalker: Never Fall Asleep (Full),Other
Dr. Panda's Restaurant,Other
Jane's Hotel: Family Hero,Other
Chinese Checkers+,Other
Lost Words: Beyond the Page,Other
Space Pirate Trainer,Other
West of Loathing,Other
Family Mysteries: Poisonous Promises (Full),Other
Outlast 2,Other
The Secret Order 7: Shadow Breach (Full),Other
Witches Legacy: The Dark Throne,Other
MotoGP™20 - Windows Edition,Other
Extreme Buggy Car: Dirt Offroad,Other
Smart City Plan,Other
Extreme Landings Pro,Other
9 Clues 2: The Ward (Full),Other
Family Chess,Other
Skateboard Party 3 ft. Greg Lutzka,Other
Tank IO,Other
Omar Sharif Bridge,Other
Sheltered,Other
Lost Lands: The Four Horsemen (Full),Other
Grim Tales: The White Lady,Other
Yakuza: Like a Dragon Hero Edition,Other
Tell Me Why: Chapters 1-3,Other
Wrecked Destruction Simulator,Other
The Surge 2 - Premium Edition,Other
Day of the Tentacle Remastered,Other
The Surge - Windows 10 version,Other
Dead Cells,Other
League of Light: Silent Mountain,Other
Samorost 2,Other
ACA NEOGEO THE KING OF FIGHTERS '94 for Windows,Other
The Evil Within® 2 (PC),Other
Mystery Trackers: Paxton Creek Avenger,Other
Endless Space 2: Deluxe Edition,Other
Endless Fables 2: Frozen Path (Full),Other
Bomb Them All,Other
Sudoku PRO+ : PC & XBOX,Other
Arx Fatalis,Other
Broforce,Other
Lost Lands: Redemption (Full),Other
Snood Advance,Other
Grim Tales: Trace in Time,Other
Space Invasion : Galaxy Shooter - PC & XBOX,Other
Wolfenstein: The Old Blood (PC),Other
Cube Runner World,Other
GreedFall - Gold Edition (Windows 10),Other
Haunted Hotel: Lost Time,Other
House of 1000 Doors: Collectors Edition,Other
Toca Kitchen,Other
Toca Cars,Other
Pocket Rally,Other
Riptide GP2,Other
The Wavy Tube Man Chronicles,Other
Rabbids Big Bang,Other
Back 4 Blood: Standard Edition,Other
Samorost 3,Other
Solitaire+ For PC & XBOX,Other
Typing Game Collection,Other
Edge of Reality: Mark of Fate,Other
ACA NEOGEO METAL SLUG 4 for Windows,Other
Super Strong Hero,Other
Surviving Mars - First Colony Edition,Other
OCTOPATH TRAVELER,Other
Living Legends: Beasts of Bremen,Other
RC-AirSim - RC Model Airplane Flight Sim,Other
Chess Tactics Pro - Puzzles,Other
Queen's Quest 2: Stories of Forgotten Past (Full),Other
Beach Head 2017,Other
Pettson's Inventions 3,Other
Dead Rising 4 Deluxe Edition,Other
Tibetan Quest: Beyond The World's End (Full),Other
Queen's Quest: Tower of Darkness (Full),Other
Hidden Expedition: Dawn of Prosperity,Other
Galax Defender,Other
Lost Lands: Dark Overlord (Full),Other
Asdivine Saga,Other
Blair Witch,Other
Battlefleet Gothic: Armada 2 - Windows 10,Other
Fishing Sim World®: Pro Tour,Other
League of Light: Dark Omens,Other
Out of the Park Baseball 21,Other
Little Chrismas Adventure,Other
The Dark Crystal: Age of Resistance Tactics,Other
ACA NEOGEO PUZZLE BOBBLE for Windows,Other
Modern Tales: Age Of Invention (Full),Other
Racing Nostalgia,Other
Enchanted Kingdom: A Stranger's Venom,Other
Lost Grimoires 3: The Forgotten Well (Full),Other
Pool_Game,Other
New York Mysteries: The Lantern of Souls (Full),Other
ACA NEOGEO METAL SLUG 2,Other
Dark Parables: The Little Mermaid and the Purple Tide,Other
Ultimate Custom Night Freddy,Other
PHOGS!,Other
Prey,Other
Mystery Trackers: Forgotten Voices,Other
Ghost Files: The Face Of Guilt (Full),Other
Snood Original,Other
New York Mysteries: The Outbreak (Full),Other
Children of Morta: Complete Edition,Other
Bug Fables: The Everlasting Sapling,Other
Hotline Miami,Other
Endless Fables 3: Dark Moor (Full),Other
The Treasures of Montezuma 3 Premium,Other
Rescue Team 2,Other
Nightmares from the Deep 2: The Siren's Call (Full),Other
Time Mysteries 2: The Ancient Spectres (Full),Other
Defense zone 2,Other
Dr. Panda's Daycare,Other
League of Light: The Gatherer,Other
Darkness and Flame: Born of Fire (Full),Other
Wenjia Complete Edition,Other
SCARLET NEXUS Brain Punk Bundle,Other
Pinball Space 3D,Other
The Secret Order 5: The Buried Kingdom (Full),Other
Zombie Army 4: Dead War Super Deluxe Edition,Other
Lost Lands: The Wanderer (Full),Other
ACA NEOGEO THE KING OF FIGHTERS '97,Other
Nuclear Throne,Other
Bad North: Jotunn Edition,Other
Bubble_Shooter_Game,Other
Lost Lands: Mistakes of the Past (Full),Other
Moonlighter: Complete Edition,Other
New York Mysteries: Secrets of the Mafia (Full),Other
Bridge to Another World: Endless Game,Other
Reigns: Game of Thrones,Other
Pettson's Inventions - Deluxe,Other
Time Mysteries: Inheritance (Full),Other
Par 72 Golf IV,Other
Raiden Fighter 1942,Other
Hop - Endless Hopper,Other
Dead Rising 4,Other
Family Checkers,Other
Backgammon V,Other
Mythic Wonders: The Philosopher's Stone (Full),Other
Sticklings,Other
Eventide 2: The Sorcerers Mirror (Full),Other
My Time At Portia,Other
Highway of death,Other
Paw Patrol Memory,Other
Ms. Holmes: Five Orange Pips,Other
The Legacy: Prisoner (Full),Other
Speed Racing World Tour,Other
Darkness and Flame: Missing Memories (Full),Other
ACA NEOGEO SAMURAI SHODOWN V SPECIAL for Windows,Other
Gunship Assault,Other
Mahjong Demon,Other
Endless Legend,Other
Domino Dominoes.,Other
Uncharted Tides: Port Royal (Full),Other
Angelo and Deemon: One Hell of a Quest,Other
Uno With Friends Pro,Other
Pinball FX3 - Marvel Pinball: Cinematic Pack,Other
My First Date RPG 2 (Windows 10 Version),Other
Word Search Puzzle INFINITE+ : Mental Fitness - PC & XBOX,Other
Dead Reckoning: Brassfield Manor,Other
Dark Tales: Edgar Allan Poe's Speaking with the Dead,Other
Age of Dynasties: Roman Empire,Other
Run to be Rich,Other
Mystery Tales: Master of Puppets,Other
Dark Romance: Hunchback of Notre-Dame,Other
Another Dawn,Other
RAGE 2 (PC),Other
Dark Tales: Edgar Allan Poe's The Bells,Other
CODE VEIN,Other
Lost Lands: Ice Spell (Full),Other
Downwell,Other
FEZ,Other
Phantasy Star Online 2 New Genesis -Aelio Nager Deluxe Edition-,Other
Monster Sanctuary,Other
SpellForce 3: Soul Harvest,Other
Hidden Expedition: The Price of Paradise,Other
Jeopardy! PlayShow,Other
Creepy Tale,Other
Hidden Words Puzzles : PC & XBOX,Other
Disgaea 4 Complete+,Other
Breathedge,Other
Bonfire Stories: Heartless,Other
Darkest Dungeon PC,Other
Monster Truck Ramp Adventure,Other
Worms Rumble - Digital Deluxe Edition,Other
Neon Abyss,Other
The Legacy: The Tree of Might (Full),Other
Paranormal Files: Ghost Chapter,Other
House of 1000 Doors 2 CE,Other
House of 1000 Doors,Other
9 Clues: The Secret Of Serpent Creek (Full),Other
Clockwork Tales: Of Glass and Ink (Full),Other
Craps Alone,Other
Reckless Racing Ultimate,Other
Agatha Christie - The ABC Murders,Other
What Remains of Edith Finch,Other
Word Search Master : INFINITE Puzzles Game,Other
Hidden Expedition: Smithsonian™ Hope Diamond,Other
GraphoGame Spanish,Other
Dark Romance: Vampire in Love,Other
Royal Detective: Legend Of The Golem,Other
Queen's Quest 4: Sacred Truce (Full),Other
Old Man's Journey,Other
Grim Tales: Guest From The Future,Other
Coffee Talk,Other
Solasta: Crown of the Magister,Other
Little Kite,Other
BATTLETECH Mercenary Collection,Other
Mystery Tales: The Twilight World,Other
Halloween Stories: Horror Movie,Other
Geometry Dash Finally,Other
Chinese Chess!,Other
Lost Lands: The Golden Curse (Full),Other
Katamari Damacy REROLL,Other
Arizona Sunshine,Other
Pinball FX3 - Zen Originals Season 1 Bundle,Other
Hexa Puzzle Master : Train Your Brain,Other
Crossword Puzzles+ : PC & XBOX,Other
Haunted Hotel: A Past Redeemed,Other
Dou,Other
#IDARB,Other
ReEntry - An Orbital Simulator,Other
Demon Hunter 2: New Chapter (Full),Other
Demon Hunter 3: Revelation (Full),Other
Cribbage Premium,Other
The Escapists: The Walking Dead,Other
Drift Parking Pro,Other
The Lord of the Rings: Adventure Card Game - Definitive Edition,Other
CrossCode,Other
Demon Hunter 4: Riddles of Light (Full),Other
ACA NEOGEO PUZZLE BOBBLE 2 for Windows,Other
Cool GTA Cars,Other
Spaceman Defender,Other
Call of the Sea,Other
Speed Rally Race Drive Craft,Other
Mystery Trackers: Memories of Shadowfield,Other
BATTLETECH,Other
SUPERHOT: MIND CONTROL DELETE,Other
Sable Maze: Sinister Knowledge,Other
When the Past was Around,Other
Christmas Stories: The Christmas Tree Forest,Other
Bleeding Edge,Other
Solitaire TriPeaks Flowers,Other
Nexoria: Dungeon Rogue Heroes,Other
Business City: Monopoly Game Pro,Other
Haven,Other
Snake Pass,Other
Carom Billiards,Other
Lost Grimoires 2: Shard of Mystery (Full),Other
DIRT 5 Year One Edition,Other
Metro Exodus - Sam's Story Enhanced Edition,Other
Dracula 2 : The Last Sanctuary,Other
"Buddy Kick : AntiStress, Anger, Anxiety & Stress Relief Game - PC & XBOX",Other
Absolute Rummy 10,Other
ACA NEOGEO THE KING OF FIGHTERS '99,Other
Queen's Quest 5: Symphony of Death (Full),Other
Champions League Soccer,Other
Immortal Love: Sparkle of Talent,Other
Pinball FX3 - Sci-Fi Pack,Other
Lost Lands: Hidden Object Premium,Other
ACA NEOGEO THE KING OF FIGHTERS '95 for Windows,Other
Demon Slayer Uniqlo,Other
Block Puzzle Classic Pro,Other
Asdivine Cross,Other
Gas Station Simulator Game Puzzle,Other
Police Offroad Car Driving,Other
Darkness and Flame: The Dark Side (Full),Other
My Brother Rabbit,Other
ABZU,Other
Reflections of Life: Meridiem,Other
Open World RPG (Windows 10 Version),Other
Frisky! Game For Cats,Other
Sunday Lawn,Other
Pettson's Inventions,Other
Pretty Princess Coloring Book +,Other
Kids learn about Nature - Flashcards for Toddlers,Other
Eagle Simulator,Other
The Good Life,Other
Mick's Crossword,Other
Flight Instructor: Above The Mountains,Other
ACA NEOGEO BIG TOURNAMENT GOLF for Windows,Other
Sphere Game Extreme,Other
The soldier in the mine,Other
Montezuma's Revenge,Other
Megaton Rainfall,Other
Lonely Mountains: Downhill,Other
Unto The End,Other
Avoider 2D,Other
Renzo Racer,Other
Mystery of the Ancients: Three Guardians,Other
Bloodstained: Ritual of the Night,Other
World Championship Soccer,Other
Guacamelee! 2 Complete,Other
Garena Free Fire MAX Puzzle Game,Other
Hungry Birds,Other
GBox - Puzzle Games Collection for Adults and Kids,Other
Flynn: Son of Crimson,Other
Starmancer (Game Preview),Other
Courier Rush 3D,Other
Garfield Kart Furious Racing,Other
Restless Hero,Other
Heroes of Rome - Dangerous Roads,Other
Blackjack 21.,Other
Age of Wonders: Planetfall Premium Edition,Other
PuppetShow: Porcelain Smile,Other
Roller Coaster Apocalypse VR,Other
Sphere Game Epic,Other
Contract Bridge Deluxe,Other
Adventures of Bertram Fiddle: Episode 1: A Dreadly Business,Other
Snooker Pro,Other
The Dark Pictures Anthology: Man Of Medan,Other
ACA NEOGEO STRIKERS 1945 PLUS for Windows,Other
Empire of Sin - Premium Edition,Other
Pinball BigSplash,Other
Chimeras: New Rebellion,Other
ACA NEOGEO ART OF FIGHTING,Other
Inside Dead,Other
Torchlight III,Other
Guardian Of The Galaxy,Other
FreeCell Solitaire (Pro),Other
Multiplication Dragons,Other
Deadly Puzzles: Toymaker (Full),Other
Fly Wings - Flight Simulator Paris 2015 - Full HD,Other
Multi Card Keno,Other
Space Marshals,Other
The Food Run,Other
Bid Whist Challenge,Other
The Turing Test,Other
Dino simulator Virtual Reality (VR),Other
The Yakuza Remastered Collection for Windows 10,Other
Living Legends Remastered: Ice Rose,Other
The Legacy: Forgotten Gates (Full),Other
Pirate Monkey Run! 2,Other
Chess+ For PC & XBOX,Other
Fallout Tactics,Other
Halloween RPG - Our Church and Halloween - Story Three (Windows 10 Version),Other
Sphere Game Xbox One/Windows,Other
ACA NEOGEO THE KING OF FIGHTERS 2001 for Windows,Other
ACA NEOGEO TOP PLAYER’S GOLF,Other
Bowling 3D Pro,Other
ACA NEOGEO FATAL FURY,Other
Haunted Hotel: Room 18,Other
Find Hidden Objects For PC & XBOX,Other
Hexologic,Other
Ludo Parchis Classic+,Other
ACA NEOGEO AERO FIGHTERS 3,Other
Amerzone - The Explorer's Legacy,Other
The Bluecoats: North & South,Other
The Messenger,Other
Super Chess,Other
Imagine Earth,Other
Word Scramble+ : Words & Quotes - PC & XBOX,Other
Dandy Ace,Other
Retro Invaders,Other
Puzzle_Game,Other
Pro Flight Simulator,Other
Ape Out,Other
Dark Romance: Heart of the Beast,Other
World Enduro Rally,Other
Wargroove,Other
Nonogram Animal Griddlers,Other
Northgard Island,Other
MANDALA Jigsaw Puzzles - AntiStress & Relaxing Game,Other
Airplane Flight Simulator Pro,Other
VectorField,Other
ACA NEOGEO BURNING FIGHT,Other
Hangman 2,Other
"Yes, Your Grace",Other
Maze: Subject 360,Other
Shenmue I & II,Other
Sudoku [Lite],Other
Ms. Holmes: The Monster of the Baskervilles,Other
Yahtzee+ Pro,Other
Naruto Tycoon,Other
Into the Breach,Other
Crossword Puzzle Pro,Other
GONNER2 WIN10,Other
Zombie Areas,Other
Missile Command 2018,Other
Now Type!,Other
Citypoly Pro,Other
Pillars of Eternity: Hero Edition,Other
Submarine Attack 3D,Other
CODE VEIN Deluxe Edition,Other
Chimeras: Price of Greed,Other
Pool 8 Balls,Other
Stellar Interface,Other
Kathy Rain,Other
Sokoban_Game,Other
City Builder 3D,Other
Pac Man 2021,Other
Witches' Legacy: Awakening Darkness,Other
Necronomicon - The Dawning of Darkness,Other
Observation,Other
ARIDA: Backland's Awakening,Other
Deliver Us The Moon.,Other
Solitaire_Game,Other
Operencia: The Stolen Sun,Other
It Lurks Below,Other
Fly.Die.Repeat. 76,Other
ACA NEOGEO SAMURAI SHODOWN for Windows,Other
Labyrinths of the World: Forbidden Muse,Other
OpenTTD,Other
Midnight Calling: Wise Dragon,Other
Dark Romance: Ashville,Other
PuppetShow: Fatal Mistake,Other
ACA NEOGEO SAMURAI SHODOWN II for Windows,Other
SkateBIRD,Other
Dracula 5 : The Blood Legacy,Other
Vegas Slots Machine *,Other
Crossword Puzzle +,Other
Rescue Team,Other
Doodle Kingdom,Other
Doodle Devil,Other
Zoom,Business
Microsoft Teams,Business
Google Meet,Business
Skype,Business
Webex,Business
JioHotstar,Media
Amazon Prime Video,Media
Spotify,Media
VLC Media Player,Media
YouTube,Media
Microsoft Word,Productivity
Microsoft Excel,Productivity
PowerPoint,Productivity
Notepad++,Productivity
Visual Studio Code,Productivity
Google Chrome,Browsing
Microsoft Edge,Browsing
Mozilla Firefox,Browsing
